"Id";"Designator";"Package";"Quantity";"Designation";"Supplier and ref";
1;"SW61";"MX-2U-ReversedStabilizers-NoLED";1;"SW_SPST";;;
2;"D50,D36,D38,D41,D42,D46,D47,D45,D48,D60,D59,D55,D57,D39,D58,D51,D49,D43,D44,D52,D54,D40,D37,D53,D56,D13,D23,D21,D29,D19,D35,D16,D27,D26,D24,D31,D33,D17,D20,D32,D34,D30,D18,D22,D28,D1,D2,D3,D4,D5,D6,D7,D14,D10,D12,D8,D25,D11,D9,D15";"D_DO-35_SOD27_P7.62mm_Horizontal";60;"D";;;
3;"H5,H10,H8,H6,H4,H2,H9,H7,H1,H3";"MountingHole_2.2mm_M2_ISO7380_Pad";10;"MountingHole_Pad";;;
4;"SW37,SW49,SW39,SW38,SW55,SW43,SW56,SW46,SW40,SW45,SW41,SW47,SW57,SW54,SW59,SW48,SW50,SW58,SW60,SW51,SW52,SW53,SW44,SW36,SW42,SW1,SW7,SW6,SW12,SW13,SW11,SW5,SW4,SW9,SW3,SW10,SW2,SW23,SW27,SW26,SW25,SW24,SW22,SW34,SW28,SW16,SW30,SW14,SW20,SW18,SW33,SW35,SW21,SW19,SW29,SW15,SW31,SW17,SW8,SW32";"MX-1U-NoLED";60;"SW_SPST";;;
5;"J1";"Molex-0548190519";1;"Molex-0548190519";;;
6;"SW69";"SW_PUSH_6mm";1;"BOOT";;;
7;"SW68";"SW_PUSH_6mm";1;"RESET";;;
8;"C1";"CP_Radial_D4.0mm_P1.50mm";1;"4.7uf";;;
9;"C5,C4";"C_Disc_D3.0mm_W1.6mm_P2.50mm";2;"22pf";;;
10;"C2,C3";"C_Disc_D4.3mm_W1.9mm_P5.00mm";2;"100n";;;
11;"F1";"C_Disc_D5.0mm_W2.5mm_P5.00mm";1;"100ma";;;
12;"J2";"PinHeader_2x03_P2.54mm_Vertical";1;"ISP";;;
13;"Y1";"Crystal_HC49-4H_Vertical";1;"16mhz";;;
14;"D116,D115";"D_DO-35_SOD27_P7.62mm_Horizontal";2;"D_Schottky_Small_ALT";;;
15;"RED1";"LED_D3.0mm_Clear";1;"LED";;;
16;"GREEN1";"LED_D3.0mm_Clear";1;"LED2";;;
17;"U1";"DIP-28_W7.62mm";1;"ATmega328-PU";;;
18;"R7,R1,R8";"R_Axial_DIN0204_L3.6mm_D1.6mm_P5.08mm_Horizontal";3;"1.5K";;;
19;"R4";"R_Axial_DIN0204_L3.6mm_D1.6mm_P5.08mm_Horizontal";1;"10K";;;
20;"R2,R3";"R_Axial_DIN0204_L3.6mm_D1.6mm_P5.08mm_Horizontal";2;"75R";;;
