"Comment","Designator","Footprint","LCSC Part #"
"22pF","C1,C2","C_0805_HandSoldering","C1804"
"10uF","C3","C_0805_HandSoldering","C15850"
"1uF (±10%)","C4","C_0805_HandSoldering","C28323"
"1uF","C5","C_0805_HandSoldering","C28323"
"0.1uF","C6,C7,C8,C9","C_0805_HandSoldering","C49678"
"D","D5,D2,D7,D8,D3,D11,D12,D4,D9,D13,D14,D18,D1,D6,D10,D19,D15,D24,D16,D20,D25,D17,D21,D26,D27,D22,D23,D28,D32,D37,D36,D41,D46,D45,D40,D44,D33,D29,D31,D35,D30,D34,D39,D38,D42,D47,D43,D48,D51,D50,D49,D54,D52,D56,D60,D53,D65,D57,D55,D59,D63,D64,D58,D62,D61,D67,D66","D_SOD-123","C81598"
"D","D68","D_SOD-123","C81598"
"22","R2,R1","R_0805_HandSoldering","C17561"
"10K","R3,R4","R_0805_HandSoldering","C17414"
"USBLC6-2SC6","U1","SOT-23-6_Handsoldering","C7519"
"ATmega32U4-AU","U2","TQFP-44_10x10mm_Pitch0.8mm","C44854"
"Crystal_GND24","Y1","Crystal_SMD_SeikoEpson_FA238-4pin_3.2x2.5mm_HandSoldering","C13738"
