<?xml version="1.0" encoding="UTF-8"?>
<export version="D">
  <design>
    <source>/home/bob/arisu_iso/arisu.sch</source>
    <date>Sun 12 Jan 2020 10:05:39 PM GMT</date>
    <tool>Eeschema 5.99.0-unknown-00e58cd~86~ubuntu18.04.1</tool>
    <sheet number="1" name="/" tstamps="/">
      <title_block>
        <title>Arisu</title>
        <company>Fate</company>
        <rev>1.0</rev>
        <date/>
        <source>arisu.sch</source>
        <comment number="1" value=""/>
        <comment number="2" value=""/>
        <comment number="3" value=""/>
        <comment number="4" value=""/>
        <comment number="5" value=""/>
        <comment number="6" value=""/>
        <comment number="7" value=""/>
        <comment number="8" value=""/>
        <comment number="9" value=""/>
      </title_block>
    </sheet>
  </design>
  <components>
    <comp ref="R2">
      <value>22</value>
      <footprint>Resistors_SMD:R_0805_HandSoldering</footprint>
      <datasheet>~</datasheet>
      <fields>
        <field name="Field4">C17561</field>
      </fields>
      <libsource lib="Device" part="R" description="Resistor"/>
      <sheetpath names="/" tstamps="/"/>
      <tstamp>5C4B25B0</tstamp>
    </comp>
    <comp ref="J13">
      <value>D+</value>
      <footprint>Connector_PinSocket_2.54mm:PinSocket_1x01_P2.54mm_Vertical</footprint>
      <datasheet>~</datasheet>
      <libsource lib="Connector_Generic" part="Conn_01x01" description="Generic connector, single row, 01x01, script generated (kicad-library-utils/schlib/autogen/connector/)"/>
      <sheetpath names="/" tstamps="/"/>
      <tstamp>5C4E1CA1</tstamp>
    </comp>
    <comp ref="J14">
      <value>D-</value>
      <footprint>Connector_PinSocket_2.54mm:PinSocket_1x01_P2.54mm_Vertical</footprint>
      <datasheet>~</datasheet>
      <libsource lib="Connector_Generic" part="Conn_01x01" description="Generic connector, single row, 01x01, script generated (kicad-library-utils/schlib/autogen/connector/)"/>
      <sheetpath names="/" tstamps="/"/>
      <tstamp>5C4F0ABE</tstamp>
    </comp>
    <comp ref="J12">
      <value>VCC</value>
      <footprint>Connector_PinSocket_2.54mm:PinSocket_1x01_P2.54mm_Vertical</footprint>
      <datasheet>~</datasheet>
      <libsource lib="Connector_Generic" part="Conn_01x01" description="Generic connector, single row, 01x01, script generated (kicad-library-utils/schlib/autogen/connector/)"/>
      <sheetpath names="/" tstamps="/"/>
      <tstamp>5C505CBA</tstamp>
    </comp>
    <comp ref="J15">
      <value>GND</value>
      <footprint>Connector_PinSocket_2.54mm:PinSocket_1x01_P2.54mm_Vertical</footprint>
      <datasheet>~</datasheet>
      <libsource lib="Connector_Generic" part="Conn_01x01" description="Generic connector, single row, 01x01, script generated (kicad-library-utils/schlib/autogen/connector/)"/>
      <sheetpath names="/" tstamps="/"/>
      <tstamp>5C505D0A</tstamp>
    </comp>
    <comp ref="R1">
      <value>22</value>
      <footprint>Resistors_SMD:R_0805_HandSoldering</footprint>
      <datasheet>~</datasheet>
      <fields>
        <field name="Field4">C17561</field>
      </fields>
      <libsource lib="Device" part="R" description="Resistor"/>
      <sheetpath names="/" tstamps="/"/>
      <tstamp>5C4B245D</tstamp>
    </comp>
    <comp ref="C4">
      <value>1uF (±10%)</value>
      <footprint>Capacitors_SMD:C_0805_HandSoldering</footprint>
      <datasheet>~</datasheet>
      <fields>
        <field name="Field4">C28323</field>
      </fields>
      <libsource lib="Device" part="C" description="Unpolarized capacitor"/>
      <sheetpath names="/" tstamps="/"/>
      <tstamp>5C4B33F7</tstamp>
    </comp>
    <comp ref="C3">
      <value>10uF</value>
      <footprint>Capacitors_SMD:C_0805_HandSoldering</footprint>
      <datasheet>~</datasheet>
      <fields>
        <field name="Field4">C15850</field>
      </fields>
      <libsource lib="Device" part="C" description="Unpolarized capacitor"/>
      <sheetpath names="/" tstamps="/"/>
      <tstamp>5C4C2975</tstamp>
    </comp>
    <comp ref="C2">
      <value>22pF</value>
      <footprint>Capacitors_SMD:C_0805_HandSoldering</footprint>
      <datasheet>~</datasheet>
      <fields>
        <field name="Field4">C1804</field>
      </fields>
      <libsource lib="Device" part="C" description="Unpolarized capacitor"/>
      <sheetpath names="/" tstamps="/"/>
      <tstamp>5C4BFC59</tstamp>
    </comp>
    <comp ref="C1">
      <value>22pF</value>
      <footprint>Capacitors_SMD:C_0805_HandSoldering</footprint>
      <datasheet>~</datasheet>
      <fields>
        <field name="Field4">C1804</field>
      </fields>
      <libsource lib="Device" part="C" description="Unpolarized capacitor"/>
      <sheetpath names="/" tstamps="/"/>
      <tstamp>5C4BFB4D</tstamp>
    </comp>
    <comp ref="Y1">
      <value>Crystal_GND24</value>
      <footprint>Crystals:Crystal_SMD_SeikoEpson_FA238-4pin_3.2x2.5mm_HandSoldering</footprint>
      <datasheet>~</datasheet>
      <fields>
        <field name="Field4">C13738</field>
      </fields>
      <libsource lib="Device" part="Crystal_GND24" description="Four pin crystal, GND on pins 2 and 4"/>
      <sheetpath names="/" tstamps="/"/>
      <tstamp>5C4BFA85</tstamp>
    </comp>
    <comp ref="SWR1">
      <value>SW_Push</value>
      <footprint>Buttons_Switches_SMD:SW_SPST_TL3342</footprint>
      <libsource lib="Switch" part="SW_Push" description="Push button switch, generic, two pins"/>
      <sheetpath names="/" tstamps="/"/>
      <tstamp>5C4CA743</tstamp>
    </comp>
    <comp ref="R3">
      <value>10K</value>
      <footprint>Resistors_SMD:R_0805_HandSoldering</footprint>
      <datasheet>~</datasheet>
      <fields>
        <field name="Field4">C17414</field>
      </fields>
      <libsource lib="Device" part="R" description="Resistor"/>
      <sheetpath names="/" tstamps="/"/>
      <tstamp>5C4CB1B6</tstamp>
    </comp>
    <comp ref="J2">
      <value>MISO</value>
      <footprint>Connector_PinSocket_2.54mm:PinSocket_1x01_P2.54mm_Vertical</footprint>
      <datasheet>~</datasheet>
      <libsource lib="Connector_Generic" part="Conn_01x01" description="Generic connector, single row, 01x01, script generated (kicad-library-utils/schlib/autogen/connector/)"/>
      <sheetpath names="/" tstamps="/"/>
      <tstamp>5C90B624</tstamp>
    </comp>
    <comp ref="J3">
      <value>VCC</value>
      <footprint>Connector_PinSocket_2.54mm:PinSocket_1x01_P2.54mm_Vertical</footprint>
      <datasheet>~</datasheet>
      <libsource lib="Connector_Generic" part="Conn_01x01" description="Generic connector, single row, 01x01, script generated (kicad-library-utils/schlib/autogen/connector/)"/>
      <sheetpath names="/" tstamps="/"/>
      <tstamp>5C90B878</tstamp>
    </comp>
    <comp ref="J4">
      <value>SCK</value>
      <footprint>Connector_PinSocket_2.54mm:PinSocket_1x01_P2.54mm_Vertical</footprint>
      <datasheet>~</datasheet>
      <libsource lib="Connector_Generic" part="Conn_01x01" description="Generic connector, single row, 01x01, script generated (kicad-library-utils/schlib/autogen/connector/)"/>
      <sheetpath names="/" tstamps="/"/>
      <tstamp>5C90BFC6</tstamp>
    </comp>
    <comp ref="J5">
      <value>MOSI</value>
      <footprint>Connector_PinSocket_2.54mm:PinSocket_1x01_P2.54mm_Vertical</footprint>
      <datasheet>~</datasheet>
      <libsource lib="Connector_Generic" part="Conn_01x01" description="Generic connector, single row, 01x01, script generated (kicad-library-utils/schlib/autogen/connector/)"/>
      <sheetpath names="/" tstamps="/"/>
      <tstamp>5C90C00A</tstamp>
    </comp>
    <comp ref="J6">
      <value>RES</value>
      <footprint>Connector_PinSocket_2.54mm:PinSocket_1x01_P2.54mm_Vertical</footprint>
      <datasheet>~</datasheet>
      <libsource lib="Connector_Generic" part="Conn_01x01" description="Generic connector, single row, 01x01, script generated (kicad-library-utils/schlib/autogen/connector/)"/>
      <sheetpath names="/" tstamps="/"/>
      <tstamp>5C90C19E</tstamp>
    </comp>
    <comp ref="J7">
      <value>GND</value>
      <footprint>Connector_PinSocket_2.54mm:PinSocket_1x01_P2.54mm_Vertical</footprint>
      <datasheet>~</datasheet>
      <libsource lib="Connector_Generic" part="Conn_01x01" description="Generic connector, single row, 01x01, script generated (kicad-library-utils/schlib/autogen/connector/)"/>
      <sheetpath names="/" tstamps="/"/>
      <tstamp>5C90C1E8</tstamp>
    </comp>
    <comp ref="H1">
      <value>MountingHole</value>
      <footprint>Mounting_Holes:MountingHole_2.2mm_M2_Pad</footprint>
      <datasheet>~</datasheet>
      <libsource lib="Mechanical" part="MountingHole" description="Mounting Hole without connection"/>
      <sheetpath names="/" tstamps="/"/>
      <tstamp>5C583EFC</tstamp>
    </comp>
    <comp ref="H2">
      <value>MountingHole</value>
      <footprint>Mounting_Holes:MountingHole_2.2mm_M2_Pad</footprint>
      <datasheet>~</datasheet>
      <libsource lib="Mechanical" part="MountingHole" description="Mounting Hole without connection"/>
      <sheetpath names="/" tstamps="/"/>
      <tstamp>5C584371</tstamp>
    </comp>
    <comp ref="H3">
      <value>MountingHole</value>
      <footprint>Mounting_Holes:MountingHole_2.2mm_M2_Pad</footprint>
      <datasheet>~</datasheet>
      <libsource lib="Mechanical" part="MountingHole" description="Mounting Hole without connection"/>
      <sheetpath names="/" tstamps="/"/>
      <tstamp>5C59C18D</tstamp>
    </comp>
    <comp ref="H4">
      <value>MountingHole</value>
      <footprint>Mounting_Holes:MountingHole_2.2mm_M2_Pad</footprint>
      <datasheet>~</datasheet>
      <libsource lib="Mechanical" part="MountingHole" description="Mounting Hole without connection"/>
      <sheetpath names="/" tstamps="/"/>
      <tstamp>5C59C1E9</tstamp>
    </comp>
    <comp ref="H5">
      <value>MountingHole</value>
      <footprint>Mounting_Holes:MountingHole_2.2mm_M2_Pad</footprint>
      <datasheet>~</datasheet>
      <libsource lib="Mechanical" part="MountingHole" description="Mounting Hole without connection"/>
      <sheetpath names="/" tstamps="/"/>
      <tstamp>5C59C249</tstamp>
    </comp>
    <comp ref="H6">
      <value>MountingHole</value>
      <footprint>Mounting_Holes:MountingHole_2.2mm_M2_Pad</footprint>
      <datasheet>~</datasheet>
      <libsource lib="Mechanical" part="MountingHole" description="Mounting Hole without connection"/>
      <sheetpath names="/" tstamps="/"/>
      <tstamp>5C59C2A7</tstamp>
    </comp>
    <comp ref="H7">
      <value>MountingHole</value>
      <footprint>Mounting_Holes:MountingHole_2.2mm_M2_Pad</footprint>
      <datasheet>~</datasheet>
      <libsource lib="Mechanical" part="MountingHole" description="Mounting Hole without connection"/>
      <sheetpath names="/" tstamps="/"/>
      <tstamp>5C59C305</tstamp>
    </comp>
    <comp ref="H8">
      <value>MountingHole</value>
      <footprint>Mounting_Holes:MountingHole_2.2mm_M2_Pad</footprint>
      <datasheet>~</datasheet>
      <libsource lib="Mechanical" part="MountingHole" description="Mounting Hole without connection"/>
      <sheetpath names="/" tstamps="/"/>
      <tstamp>5C59C367</tstamp>
    </comp>
    <comp ref="J1">
      <value>Conn_01x06_Female</value>
      <footprint>arisu:Molex-0548190519</footprint>
      <datasheet>~</datasheet>
      <libsource lib="Connector" part="Conn_01x06_Female" description="Generic connector, single row, 01x06, script generated (kicad-library-utils/schlib/autogen/connector/)"/>
      <sheetpath names="/" tstamps="/"/>
      <tstamp>5DF30065</tstamp>
    </comp>
    <comp ref="U1">
      <value>USBLC6-2SC6</value>
      <footprint>TO_SOT_Packages_SMD:SOT-23-6_Handsoldering</footprint>
      <datasheet>http://www2.st.com/resource/en/datasheet/CD00050750.pdf</datasheet>
      <fields>
        <field name="Field4">C7519</field>
      </fields>
      <libsource lib="Power_Protection" part="USBLC6-2SC6" description="Bidirectional ESD Protection Diode, SOT-23-6"/>
      <sheetpath names="/" tstamps="/"/>
      <tstamp>5C4B2347</tstamp>
    </comp>
    <comp ref="C5">
      <value>1uF</value>
      <footprint>Capacitors_SMD:C_0805_HandSoldering</footprint>
      <datasheet>~</datasheet>
      <fields>
        <field name="Field4">C28323</field>
      </fields>
      <libsource lib="Device" part="C" description="Unpolarized capacitor"/>
      <sheetpath names="/" tstamps="/"/>
      <tstamp>5C4D647D</tstamp>
    </comp>
    <comp ref="C6">
      <value>0.1uF</value>
      <footprint>Capacitors_SMD:C_0805_HandSoldering</footprint>
      <datasheet>~</datasheet>
      <fields>
        <field name="Field4">C49678</field>
      </fields>
      <libsource lib="Device" part="C" description="Unpolarized capacitor"/>
      <sheetpath names="/" tstamps="/"/>
      <tstamp>5C4D6747</tstamp>
    </comp>
    <comp ref="C7">
      <value>0.1uF</value>
      <footprint>Capacitors_SMD:C_0805_HandSoldering</footprint>
      <datasheet>~</datasheet>
      <fields>
        <field name="Field4">C49678</field>
      </fields>
      <libsource lib="Device" part="C" description="Unpolarized capacitor"/>
      <sheetpath names="/" tstamps="/"/>
      <tstamp>5C4DEE57</tstamp>
    </comp>
    <comp ref="U2">
      <value>ATmega32U4-AU</value>
      <footprint>Housings_QFP:TQFP-44_10x10mm_Pitch0.8mm</footprint>
      <datasheet>http://ww1.microchip.com/downloads/en/DeviceDoc/Atmel-7766-8-bit-AVR-ATmega16U4-32U4_Datasheet.pdf</datasheet>
      <fields>
        <field name="Field4">C44854</field>
      </fields>
      <libsource lib="arisu-rescue" part="ATmega32U4-AU-MCU_Microchip_ATmega" description=""/>
      <sheetpath names="/" tstamps="/"/>
      <tstamp>5C4B1F82</tstamp>
    </comp>
    <comp ref="J8">
      <value>PF4</value>
      <footprint>Connector_PinSocket_2.54mm:PinSocket_1x01_P2.54mm_Vertical</footprint>
      <datasheet>~</datasheet>
      <libsource lib="Connector_Generic" part="Conn_01x01" description="Generic connector, single row, 01x01, script generated (kicad-library-utils/schlib/autogen/connector/)"/>
      <sheetpath names="/" tstamps="/"/>
      <tstamp>5C895E5D</tstamp>
    </comp>
    <comp ref="J10">
      <value>PF6</value>
      <footprint>Connector_PinSocket_2.54mm:PinSocket_1x01_P2.54mm_Vertical</footprint>
      <datasheet>~</datasheet>
      <libsource lib="Connector_Generic" part="Conn_01x01" description="Generic connector, single row, 01x01, script generated (kicad-library-utils/schlib/autogen/connector/)"/>
      <sheetpath names="/" tstamps="/"/>
      <tstamp>5C895F1B</tstamp>
    </comp>
    <comp ref="J11">
      <value>PF7</value>
      <footprint>Connector_PinSocket_2.54mm:PinSocket_1x01_P2.54mm_Vertical</footprint>
      <datasheet>~</datasheet>
      <libsource lib="Connector_Generic" part="Conn_01x01" description="Generic connector, single row, 01x01, script generated (kicad-library-utils/schlib/autogen/connector/)"/>
      <sheetpath names="/" tstamps="/"/>
      <tstamp>5C895F5B</tstamp>
    </comp>
    <comp ref="J9">
      <value>PF5</value>
      <footprint>Connector_PinSocket_2.54mm:PinSocket_1x01_P2.54mm_Vertical</footprint>
      <datasheet>~</datasheet>
      <libsource lib="Connector_Generic" part="Conn_01x01" description="Generic connector, single row, 01x01, script generated (kicad-library-utils/schlib/autogen/connector/)"/>
      <sheetpath names="/" tstamps="/"/>
      <tstamp>5C895ED7</tstamp>
    </comp>
    <comp ref="C8">
      <value>0.1uF</value>
      <footprint>Capacitors_SMD:C_0805_HandSoldering</footprint>
      <datasheet>~</datasheet>
      <fields>
        <field name="Field4">C49678</field>
      </fields>
      <libsource lib="Device" part="C" description="Unpolarized capacitor"/>
      <sheetpath names="/" tstamps="/"/>
      <tstamp>5C4DA48C</tstamp>
    </comp>
    <comp ref="C9">
      <value>0.1uF</value>
      <footprint>Capacitors_SMD:C_0805_HandSoldering</footprint>
      <datasheet>~</datasheet>
      <fields>
        <field name="Field4">C49678</field>
      </fields>
      <libsource lib="Device" part="C" description="Unpolarized capacitor"/>
      <sheetpath names="/" tstamps="/"/>
      <tstamp>5C4DEEC8</tstamp>
    </comp>
    <comp ref="SW3">
      <value>SW_Push</value>
      <footprint>Fate_Parts:SW_Cherry_MX_1.75u_PCB</footprint>
      <libsource lib="Switch" part="SW_Push" description="Push button switch, generic, two pins"/>
      <sheetpath names="/" tstamps="/"/>
      <tstamp>5C52094D</tstamp>
    </comp>
    <comp ref="SW2">
      <value>SW_Push</value>
      <footprint>Fate_Parts:SW_Cherry_MX_1.50u_PCB</footprint>
      <libsource lib="Switch" part="SW_Push" description="Push button switch, generic, two pins"/>
      <sheetpath names="/" tstamps="/"/>
      <tstamp>5C520197</tstamp>
    </comp>
    <comp ref="SW1">
      <value>SW_Push</value>
      <footprint>Fate_Parts:SW_Cherry_MX_1.00u_PCB</footprint>
      <libsource lib="Switch" part="SW_Push" description="Push button switch, generic, two pins"/>
      <sheetpath names="/" tstamps="/"/>
      <tstamp>5C51EE71</tstamp>
    </comp>
    <comp ref="D1">
      <value>D</value>
      <footprint>Diodes_SMD:D_SOD-123</footprint>
      <datasheet>~</datasheet>
      <fields>
        <field name="Field4">C81598</field>
      </fields>
      <libsource lib="Device" part="D" description="Diode"/>
      <sheetpath names="/" tstamps="/"/>
      <tstamp>5C51FBF3</tstamp>
    </comp>
    <comp ref="SW8">
      <value>SW_Push</value>
      <footprint>Fate_Parts:SW_Cherry_MX_1.00u_PCB</footprint>
      <libsource lib="Switch" part="SW_Push" description="Push button switch, generic, two pins"/>
      <sheetpath names="/" tstamps="/"/>
      <tstamp>5C52365C</tstamp>
    </comp>
    <comp ref="R4">
      <value>10K</value>
      <footprint>Resistors_SMD:R_0805_HandSoldering</footprint>
      <datasheet>~</datasheet>
      <fields>
        <field name="Field4">C17414</field>
      </fields>
      <libsource lib="Device" part="R" description="Resistor"/>
      <sheetpath names="/" tstamps="/"/>
      <tstamp>5C4E7AD8</tstamp>
    </comp>
    <comp ref="SW9">
      <value>SW_Push</value>
      <footprint>Fate_Parts:SW_Cherry_MX_1.00u_PCB</footprint>
      <libsource lib="Switch" part="SW_Push" description="Push button switch, generic, two pins"/>
      <sheetpath names="/" tstamps="/"/>
      <tstamp>5C5236A2</tstamp>
    </comp>
    <comp ref="D4">
      <value>D</value>
      <footprint>Diodes_SMD:D_SOD-123</footprint>
      <datasheet>~</datasheet>
      <fields>
        <field name="Field4">C81598</field>
      </fields>
      <libsource lib="Device" part="D" description="Diode"/>
      <sheetpath names="/" tstamps="/"/>
      <tstamp>5C521072</tstamp>
    </comp>
    <comp ref="D9">
      <value>D</value>
      <footprint>Diodes_SMD:D_SOD-123</footprint>
      <datasheet>~</datasheet>
      <fields>
        <field name="Field4">C81598</field>
      </fields>
      <libsource lib="Device" part="D" description="Diode"/>
      <sheetpath names="/" tstamps="/"/>
      <tstamp>5C523774</tstamp>
    </comp>
    <comp ref="SW68">
      <value>SW_Push</value>
      <footprint>bobthebuilder:MXOnly-1U-NoLED</footprint>
      <libsource lib="Switch" part="SW_Push" description="Push button switch, generic, two pins"/>
      <sheetpath names="/" tstamps="/"/>
      <tstamp>5E1BA483</tstamp>
    </comp>
    <comp ref="D5">
      <value>D</value>
      <footprint>Diodes_SMD:D_SOD-123</footprint>
      <datasheet>~</datasheet>
      <fields>
        <field name="Field4">C81598</field>
      </fields>
      <libsource lib="Device" part="D" description="Diode"/>
      <sheetpath names="/" tstamps="/"/>
      <tstamp>5C5210B4</tstamp>
    </comp>
    <comp ref="D68">
      <value>D</value>
      <footprint>Diode_SMD:D_SOD-123</footprint>
      <datasheet>~</datasheet>
      <fields>
        <field name="Field4">C81598</field>
      </fields>
      <libsource lib="Device" part="D" description="Diode"/>
      <sheetpath names="/" tstamps="/"/>
      <tstamp>5E1BA4A7</tstamp>
    </comp>
    <comp ref="SW5">
      <value>SW_Push</value>
      <footprint>Fate_Parts:SW_Cherry_MX_1.50u_PCB</footprint>
      <libsource lib="Switch" part="SW_Push" description="Push button switch, generic, two pins"/>
      <sheetpath names="/" tstamps="/"/>
      <tstamp>5C521001</tstamp>
    </comp>
    <comp ref="SW14">
      <value>SW_Push</value>
      <footprint>Fate_Parts:SW_Cherry_MX_1.50u_PCB</footprint>
      <libsource lib="Switch" part="SW_Push" description="Push button switch, generic, two pins"/>
      <sheetpath names="/" tstamps="/"/>
      <tstamp>5C63DB22</tstamp>
    </comp>
    <comp ref="D14">
      <value>D</value>
      <footprint>Diodes_SMD:D_SOD-123</footprint>
      <datasheet>~</datasheet>
      <fields>
        <field name="Field4">C81598</field>
      </fields>
      <libsource lib="Device" part="D" description="Diode"/>
      <sheetpath names="/" tstamps="/"/>
      <tstamp>5C63DB37</tstamp>
    </comp>
    <comp ref="D2">
      <value>D</value>
      <footprint>Diodes_SMD:D_SOD-123</footprint>
      <datasheet>~</datasheet>
      <fields>
        <field name="Field4">C81598</field>
      </fields>
      <libsource lib="Device" part="D" description="Diode"/>
      <sheetpath names="/" tstamps="/"/>
      <tstamp>5C520209</tstamp>
    </comp>
    <comp ref="D7">
      <value>D</value>
      <footprint>Diodes_SMD:D_SOD-123</footprint>
      <datasheet>~</datasheet>
      <fields>
        <field name="Field4">C81598</field>
      </fields>
      <libsource lib="Device" part="D" description="Diode"/>
      <sheetpath names="/" tstamps="/"/>
      <tstamp>5C5205D6</tstamp>
    </comp>
    <comp ref="SW7">
      <value>SW_Push</value>
      <footprint>Fate_Parts:SW_Cherry_MX_1.00u_PCB</footprint>
      <libsource lib="Switch" part="SW_Push" description="Push button switch, generic, two pins"/>
      <sheetpath names="/" tstamps="/"/>
      <tstamp>5C5205B0</tstamp>
    </comp>
    <comp ref="SW6">
      <value>SW_Push</value>
      <footprint>Fate_Parts:SW_Cherry_MX_1.00u_PCB</footprint>
      <libsource lib="Switch" part="SW_Push" description="Push button switch, generic, two pins"/>
      <sheetpath names="/" tstamps="/"/>
      <tstamp>5C51FC52</tstamp>
    </comp>
    <comp ref="D6">
      <value>D</value>
      <footprint>Diodes_SMD:D_SOD-123</footprint>
      <datasheet>~</datasheet>
      <fields>
        <field name="Field4">C81598</field>
      </fields>
      <libsource lib="Device" part="D" description="Diode"/>
      <sheetpath names="/" tstamps="/"/>
      <tstamp>5C52049A</tstamp>
    </comp>
    <comp ref="SW10">
      <value>SW_Push</value>
      <footprint>Fate_Parts:SW_Cherry_MX_1.00u_PCB</footprint>
      <libsource lib="Switch" part="SW_Push" description="Push button switch, generic, two pins"/>
      <sheetpath names="/" tstamps="/"/>
      <tstamp>5C63DAF2</tstamp>
    </comp>
    <comp ref="D10">
      <value>D</value>
      <footprint>Diodes_SMD:D_SOD-123</footprint>
      <datasheet>~</datasheet>
      <fields>
        <field name="Field4">C81598</field>
      </fields>
      <libsource lib="Device" part="D" description="Diode"/>
      <sheetpath names="/" tstamps="/"/>
      <tstamp>5C63DAFA</tstamp>
    </comp>
    <comp ref="SW11">
      <value>SW_Push</value>
      <footprint>Fate_Parts:SW_Cherry_MX_1.00u_PCB</footprint>
      <libsource lib="Switch" part="SW_Push" description="Push button switch, generic, two pins"/>
      <sheetpath names="/" tstamps="/"/>
      <tstamp>5C63DB01</tstamp>
    </comp>
    <comp ref="D11">
      <value>D</value>
      <footprint>Diodes_SMD:D_SOD-123</footprint>
      <datasheet>~</datasheet>
      <fields>
        <field name="Field4">C81598</field>
      </fields>
      <libsource lib="Device" part="D" description="Diode"/>
      <sheetpath names="/" tstamps="/"/>
      <tstamp>5C63DB08</tstamp>
    </comp>
    <comp ref="SW4">
      <value>SW_Push</value>
      <footprint>bobthebuilder:MXOnly-1.25U-NoLED</footprint>
      <libsource lib="Switch" part="SW_Push" description="Push button switch, generic, two pins"/>
      <sheetpath names="/" tstamps="/"/>
      <tstamp>5C520F5D</tstamp>
    </comp>
    <comp ref="SW69">
      <value>SW_Push</value>
      <footprint>bobthebuilder:MXOnly-2.25U-ReversedStabilizers-NoLED</footprint>
      <libsource lib="Switch" part="SW_Push" description="Push button switch, generic, two pins"/>
      <sheetpath names="/" tstamps="/"/>
      <tstamp>5E1BC0CA</tstamp>
    </comp>
    <comp ref="D8">
      <value>D</value>
      <footprint>Diodes_SMD:D_SOD-123</footprint>
      <datasheet>~</datasheet>
      <fields>
        <field name="Field4">C81598</field>
      </fields>
      <libsource lib="Device" part="D" description="Diode"/>
      <sheetpath names="/" tstamps="/"/>
      <tstamp>5C52372A</tstamp>
    </comp>
    <comp ref="D3">
      <value>D</value>
      <footprint>Diodes_SMD:D_SOD-123</footprint>
      <datasheet>~</datasheet>
      <fields>
        <field name="Field4">C81598</field>
      </fields>
      <libsource lib="Device" part="D" description="Diode"/>
      <sheetpath names="/" tstamps="/"/>
      <tstamp>5C5209FE</tstamp>
    </comp>
    <comp ref="D19">
      <value>D</value>
      <footprint>Diodes_SMD:D_SOD-123</footprint>
      <datasheet>~</datasheet>
      <fields>
        <field name="Field4">C81598</field>
      </fields>
      <libsource lib="Device" part="D" description="Diode"/>
      <sheetpath names="/" tstamps="/"/>
      <tstamp>5C63F110</tstamp>
    </comp>
    <comp ref="SW19">
      <value>SW_Push</value>
      <footprint>Fate_Parts:SW_Cherry_MX_1.00u_PCB</footprint>
      <libsource lib="Switch" part="SW_Push" description="Push button switch, generic, two pins"/>
      <sheetpath names="/" tstamps="/"/>
      <tstamp>5C63F108</tstamp>
    </comp>
    <comp ref="D16">
      <value>D</value>
      <footprint>Diodes_SMD:D_SOD-123</footprint>
      <datasheet>~</datasheet>
      <fields>
        <field name="Field4">C81598</field>
      </fields>
      <libsource lib="Device" part="D" description="Diode"/>
      <sheetpath names="/" tstamps="/"/>
      <tstamp>5C63E363</tstamp>
    </comp>
    <comp ref="SW16">
      <value>SW_Push</value>
      <footprint>Fate_Parts:SW_Cherry_MX_1.00u_PCB</footprint>
      <libsource lib="Switch" part="SW_Push" description="Push button switch, generic, two pins"/>
      <sheetpath names="/" tstamps="/"/>
      <tstamp>5C63E35C</tstamp>
    </comp>
    <comp ref="SW15">
      <value>SW_Push</value>
      <footprint>Fate_Parts:SW_Cherry_MX_1.00u_PCB</footprint>
      <libsource lib="Switch" part="SW_Push" description="Push button switch, generic, two pins"/>
      <sheetpath names="/" tstamps="/"/>
      <tstamp>5C63E34D</tstamp>
    </comp>
    <comp ref="D15">
      <value>D</value>
      <footprint>Diodes_SMD:D_SOD-123</footprint>
      <datasheet>~</datasheet>
      <fields>
        <field name="Field4">C81598</field>
      </fields>
      <libsource lib="Device" part="D" description="Diode"/>
      <sheetpath names="/" tstamps="/"/>
      <tstamp>5C63E355</tstamp>
    </comp>
    <comp ref="SW13">
      <value>SW_Push</value>
      <footprint>Fate_Parts:SW_Cherry_MX_1.00u_PCB</footprint>
      <libsource lib="Switch" part="SW_Push" description="Push button switch, generic, two pins"/>
      <sheetpath names="/" tstamps="/"/>
      <tstamp>5C63DB1A</tstamp>
    </comp>
    <comp ref="D17">
      <value>D</value>
      <footprint>Diodes_SMD:D_SOD-123</footprint>
      <datasheet>~</datasheet>
      <fields>
        <field name="Field4">C81598</field>
      </fields>
      <libsource lib="Device" part="D" description="Diode"/>
      <sheetpath names="/" tstamps="/"/>
      <tstamp>5C63E384</tstamp>
    </comp>
    <comp ref="D21">
      <value>D</value>
      <footprint>Diodes_SMD:D_SOD-123</footprint>
      <datasheet>~</datasheet>
      <fields>
        <field name="Field4">C81598</field>
      </fields>
      <libsource lib="Device" part="D" description="Diode"/>
      <sheetpath names="/" tstamps="/"/>
      <tstamp>5C63F13F</tstamp>
    </comp>
    <comp ref="SW21">
      <value>SW_Push</value>
      <footprint>Fate_Parts:SW_Cherry_MX_1.00u_PCB</footprint>
      <libsource lib="Switch" part="SW_Push" description="Push button switch, generic, two pins"/>
      <sheetpath names="/" tstamps="/"/>
      <tstamp>5C63F129</tstamp>
    </comp>
    <comp ref="SW12">
      <value>SW_Push</value>
      <footprint>Fate_Parts:SW_Cherry_MX_1.00u_PCB</footprint>
      <libsource lib="Switch" part="SW_Push" description="Push button switch, generic, two pins"/>
      <sheetpath names="/" tstamps="/"/>
      <tstamp>5C63DB13</tstamp>
    </comp>
    <comp ref="D12">
      <value>D</value>
      <footprint>Diodes_SMD:D_SOD-123</footprint>
      <datasheet>~</datasheet>
      <fields>
        <field name="Field4">C81598</field>
      </fields>
      <libsource lib="Device" part="D" description="Diode"/>
      <sheetpath names="/" tstamps="/"/>
      <tstamp>5C63DB29</tstamp>
    </comp>
    <comp ref="SW17">
      <value>SW_Push</value>
      <footprint>Fate_Parts:SW_Cherry_MX_1.00u_PCB</footprint>
      <libsource lib="Switch" part="SW_Push" description="Push button switch, generic, two pins"/>
      <sheetpath names="/" tstamps="/"/>
      <tstamp>5C63E36E</tstamp>
    </comp>
    <comp ref="D13">
      <value>D</value>
      <footprint>Diodes_SMD:D_SOD-123</footprint>
      <datasheet>~</datasheet>
      <fields>
        <field name="Field4">C81598</field>
      </fields>
      <libsource lib="Device" part="D" description="Diode"/>
      <sheetpath names="/" tstamps="/"/>
      <tstamp>5C63DB30</tstamp>
    </comp>
    <comp ref="SW18">
      <value>SW_Push</value>
      <footprint>Fate_Parts:SW_Cherry_MX_1.00u_PCB</footprint>
      <libsource lib="Switch" part="SW_Push" description="Push button switch, generic, two pins"/>
      <sheetpath names="/" tstamps="/"/>
      <tstamp>5C63E375</tstamp>
    </comp>
    <comp ref="D18">
      <value>D</value>
      <footprint>Diodes_SMD:D_SOD-123</footprint>
      <datasheet>~</datasheet>
      <fields>
        <field name="Field4">C81598</field>
      </fields>
      <libsource lib="Device" part="D" description="Diode"/>
      <sheetpath names="/" tstamps="/"/>
      <tstamp>5C63E38B</tstamp>
    </comp>
    <comp ref="SW22">
      <value>SW_Push</value>
      <footprint>Fate_Parts:SW_Cherry_MX_1.00u_PCB</footprint>
      <libsource lib="Switch" part="SW_Push" description="Push button switch, generic, two pins"/>
      <sheetpath names="/" tstamps="/"/>
      <tstamp>5C63F130</tstamp>
    </comp>
    <comp ref="SW23">
      <value>SW_Push</value>
      <footprint>Fate_Parts:SW_Cherry_MX_2.00u_PCB_ReversedStabilizers</footprint>
      <libsource lib="Switch" part="SW_Push" description="Push button switch, generic, two pins"/>
      <sheetpath names="/" tstamps="/"/>
      <tstamp>5C63F138</tstamp>
    </comp>
    <comp ref="D27">
      <value>D</value>
      <footprint>Diodes_SMD:D_SOD-123</footprint>
      <datasheet>~</datasheet>
      <fields>
        <field name="Field4">C81598</field>
      </fields>
      <libsource lib="Device" part="D" description="Diode"/>
      <sheetpath names="/" tstamps="/"/>
      <tstamp>5C640628</tstamp>
    </comp>
    <comp ref="SW27">
      <value>SW_Push</value>
      <footprint>Fate_Parts:SW_Cherry_MX_1.00u_PCB</footprint>
      <libsource lib="Switch" part="SW_Push" description="Push button switch, generic, two pins"/>
      <sheetpath names="/" tstamps="/"/>
      <tstamp>5C640612</tstamp>
    </comp>
    <comp ref="D22">
      <value>D</value>
      <footprint>Diodes_SMD:D_SOD-123</footprint>
      <datasheet>~</datasheet>
      <fields>
        <field name="Field4">C81598</field>
      </fields>
      <libsource lib="Device" part="D" description="Diode"/>
      <sheetpath names="/" tstamps="/"/>
      <tstamp>5C63F146</tstamp>
    </comp>
    <comp ref="D26">
      <value>D</value>
      <footprint>Diodes_SMD:D_SOD-123</footprint>
      <datasheet>~</datasheet>
      <fields>
        <field name="Field4">C81598</field>
      </fields>
      <libsource lib="Device" part="D" description="Diode"/>
      <sheetpath names="/" tstamps="/"/>
      <tstamp>5C640621</tstamp>
    </comp>
    <comp ref="SW26">
      <value>SW_Push</value>
      <footprint>Fate_Parts:SW_Cherry_MX_1.00u_PCB</footprint>
      <libsource lib="Switch" part="SW_Push" description="Push button switch, generic, two pins"/>
      <sheetpath names="/" tstamps="/"/>
      <tstamp>5C64060B</tstamp>
    </comp>
    <comp ref="SW32">
      <value>SW_Push</value>
      <footprint>Fate_Parts:SW_Cherry_MX_1.00u_PCB</footprint>
      <libsource lib="Switch" part="SW_Push" description="Push button switch, generic, two pins"/>
      <sheetpath names="/" tstamps="/"/>
      <tstamp>5C642496</tstamp>
    </comp>
    <comp ref="SW36">
      <value>SW_Push</value>
      <footprint>Fate_Parts:SW_Cherry_MX_1.00u_PCB</footprint>
      <libsource lib="Switch" part="SW_Push" description="Push button switch, generic, two pins"/>
      <sheetpath names="/" tstamps="/"/>
      <tstamp>5C644B8B</tstamp>
    </comp>
    <comp ref="D36">
      <value>D</value>
      <footprint>Diodes_SMD:D_SOD-123</footprint>
      <datasheet>~</datasheet>
      <fields>
        <field name="Field4">C81598</field>
      </fields>
      <libsource lib="Device" part="D" description="Diode"/>
      <sheetpath names="/" tstamps="/"/>
      <tstamp>5C644BA1</tstamp>
    </comp>
    <comp ref="D32">
      <value>D</value>
      <footprint>Diodes_SMD:D_SOD-123</footprint>
      <datasheet>~</datasheet>
      <fields>
        <field name="Field4">C81598</field>
      </fields>
      <libsource lib="Device" part="D" description="Diode"/>
      <sheetpath names="/" tstamps="/"/>
      <tstamp>5C6424AC</tstamp>
    </comp>
    <comp ref="SW31">
      <value>SW_Push</value>
      <footprint>Fate_Parts:SW_Cherry_MX_1.00u_PCB</footprint>
      <libsource lib="Switch" part="SW_Push" description="Push button switch, generic, two pins"/>
      <sheetpath names="/" tstamps="/"/>
      <tstamp>5C64248F</tstamp>
    </comp>
    <comp ref="D31">
      <value>D</value>
      <footprint>Diodes_SMD:D_SOD-123</footprint>
      <datasheet>~</datasheet>
      <fields>
        <field name="Field4">C81598</field>
      </fields>
      <libsource lib="Device" part="D" description="Diode"/>
      <sheetpath names="/" tstamps="/"/>
      <tstamp>5C6424A5</tstamp>
    </comp>
    <comp ref="SW35">
      <value>SW_Push</value>
      <footprint>Fate_Parts:SW_Cherry_MX_1.00u_PCB</footprint>
      <libsource lib="Switch" part="SW_Push" description="Push button switch, generic, two pins"/>
      <sheetpath names="/" tstamps="/"/>
      <tstamp>5C644B84</tstamp>
    </comp>
    <comp ref="D35">
      <value>D</value>
      <footprint>Diodes_SMD:D_SOD-123</footprint>
      <datasheet>~</datasheet>
      <fields>
        <field name="Field4">C81598</field>
      </fields>
      <libsource lib="Device" part="D" description="Diode"/>
      <sheetpath names="/" tstamps="/"/>
      <tstamp>5C644B9A</tstamp>
    </comp>
    <comp ref="D40">
      <value>D</value>
      <footprint>Diodes_SMD:D_SOD-123</footprint>
      <datasheet>~</datasheet>
      <fields>
        <field name="Field4">C81598</field>
      </fields>
      <libsource lib="Device" part="D" description="Diode"/>
      <sheetpath names="/" tstamps="/"/>
      <tstamp>5C647E07</tstamp>
    </comp>
    <comp ref="SW37">
      <value>SW_Push</value>
      <footprint>Fate_Parts:SW_Cherry_MX_2.75u_PCB_ReversedStabilizers</footprint>
      <libsource lib="Switch" part="SW_Push" description="Push button switch, generic, two pins"/>
      <sheetpath names="/" tstamps="/"/>
      <tstamp>5C644B93</tstamp>
    </comp>
    <comp ref="D37">
      <value>D</value>
      <footprint>Diodes_SMD:D_SOD-123</footprint>
      <datasheet>~</datasheet>
      <fields>
        <field name="Field4">C81598</field>
      </fields>
      <libsource lib="Device" part="D" description="Diode"/>
      <sheetpath names="/" tstamps="/"/>
      <tstamp>5C644BA8</tstamp>
    </comp>
    <comp ref="SW28">
      <value>SW_Push</value>
      <footprint>Fate_Parts:SW_Cherry_MX_1.00u_PCB</footprint>
      <libsource lib="Switch" part="SW_Push" description="Push button switch, generic, two pins"/>
      <sheetpath names="/" tstamps="/"/>
      <tstamp>5C64061A</tstamp>
    </comp>
    <comp ref="D23">
      <value>D</value>
      <footprint>Diodes_SMD:D_SOD-123</footprint>
      <datasheet>~</datasheet>
      <fields>
        <field name="Field4">C81598</field>
      </fields>
      <libsource lib="Device" part="D" description="Diode"/>
      <sheetpath names="/" tstamps="/"/>
      <tstamp>5C63F14D</tstamp>
    </comp>
    <comp ref="D28">
      <value>D</value>
      <footprint>Diodes_SMD:D_SOD-123</footprint>
      <datasheet>~</datasheet>
      <fields>
        <field name="Field4">C81598</field>
      </fields>
      <libsource lib="Device" part="D" description="Diode"/>
      <sheetpath names="/" tstamps="/"/>
      <tstamp>5C64062F</tstamp>
    </comp>
    <comp ref="SW41">
      <value>SW_Push</value>
      <footprint>Fate_Parts:SW_Cherry_MX_1.00u_PCB</footprint>
      <libsource lib="Switch" part="SW_Push" description="Push button switch, generic, two pins"/>
      <sheetpath names="/" tstamps="/"/>
      <tstamp>5C647DF8</tstamp>
    </comp>
    <comp ref="D41">
      <value>D</value>
      <footprint>Diodes_SMD:D_SOD-123</footprint>
      <datasheet>~</datasheet>
      <fields>
        <field name="Field4">C81598</field>
      </fields>
      <libsource lib="Device" part="D" description="Diode"/>
      <sheetpath names="/" tstamps="/"/>
      <tstamp>5C647E0E</tstamp>
    </comp>
    <comp ref="SW46">
      <value>SW_Push</value>
      <footprint>Fate_Parts:SW_Cherry_MX_1.50u_PCB</footprint>
      <libsource lib="Switch" part="SW_Push" description="Push button switch, generic, two pins"/>
      <sheetpath names="/" tstamps="/"/>
      <tstamp>5C64BD5C</tstamp>
    </comp>
    <comp ref="D46">
      <value>D</value>
      <footprint>Diodes_SMD:D_SOD-123</footprint>
      <datasheet>~</datasheet>
      <fields>
        <field name="Field4">C81598</field>
      </fields>
      <libsource lib="Device" part="D" description="Diode"/>
      <sheetpath names="/" tstamps="/"/>
      <tstamp>5C64BD71</tstamp>
    </comp>
    <comp ref="SW45">
      <value>SW_Push</value>
      <footprint>Fate_Parts:SW_Cherry_MX_1.00u_PCB</footprint>
      <libsource lib="Switch" part="SW_Push" description="Push button switch, generic, two pins"/>
      <sheetpath names="/" tstamps="/"/>
      <tstamp>5C64BD54</tstamp>
    </comp>
    <comp ref="D45">
      <value>D</value>
      <footprint>Diodes_SMD:D_SOD-123</footprint>
      <datasheet>~</datasheet>
      <fields>
        <field name="Field4">C81598</field>
      </fields>
      <libsource lib="Device" part="D" description="Diode"/>
      <sheetpath names="/" tstamps="/"/>
      <tstamp>5C64BD6A</tstamp>
    </comp>
    <comp ref="D20">
      <value>D</value>
      <footprint>Diodes_SMD:D_SOD-123</footprint>
      <datasheet>~</datasheet>
      <fields>
        <field name="Field4">C81598</field>
      </fields>
      <libsource lib="Device" part="D" description="Diode"/>
      <sheetpath names="/" tstamps="/"/>
      <tstamp>5C63F11E</tstamp>
    </comp>
    <comp ref="SW20">
      <value>SW_Push</value>
      <footprint>Fate_Parts:SW_Cherry_MX_1.00u_PCB</footprint>
      <libsource lib="Switch" part="SW_Push" description="Push button switch, generic, two pins"/>
      <sheetpath names="/" tstamps="/"/>
      <tstamp>5C63F117</tstamp>
    </comp>
    <comp ref="SW24">
      <value>SW_Push</value>
      <footprint>Fate_Parts:SW_Cherry_MX_1.00u_PCB</footprint>
      <libsource lib="Switch" part="SW_Push" description="Push button switch, generic, two pins"/>
      <sheetpath names="/" tstamps="/"/>
      <tstamp>5C6405EA</tstamp>
    </comp>
    <comp ref="D24">
      <value>D</value>
      <footprint>Diodes_SMD:D_SOD-123</footprint>
      <datasheet>~</datasheet>
      <fields>
        <field name="Field4">C81598</field>
      </fields>
      <libsource lib="Device" part="D" description="Diode"/>
      <sheetpath names="/" tstamps="/"/>
      <tstamp>5C6405F2</tstamp>
    </comp>
    <comp ref="SW25">
      <value>SW_Push</value>
      <footprint>Fate_Parts:SW_Cherry_MX_1.00u_PCB</footprint>
      <libsource lib="Switch" part="SW_Push" description="Push button switch, generic, two pins"/>
      <sheetpath names="/" tstamps="/"/>
      <tstamp>5C6405F9</tstamp>
    </comp>
    <comp ref="D30">
      <value>D</value>
      <footprint>Diodes_SMD:D_SOD-123</footprint>
      <datasheet>~</datasheet>
      <fields>
        <field name="Field4">C81598</field>
      </fields>
      <libsource lib="Device" part="D" description="Diode"/>
      <sheetpath names="/" tstamps="/"/>
      <tstamp>5C642484</tstamp>
    </comp>
    <comp ref="SW29">
      <value>SW_Push</value>
      <footprint>Fate_Parts:SW_Cherry_MX_1.00u_PCB</footprint>
      <libsource lib="Switch" part="SW_Push" description="Push button switch, generic, two pins"/>
      <sheetpath names="/" tstamps="/"/>
      <tstamp>5C64246E</tstamp>
    </comp>
    <comp ref="SW30">
      <value>SW_Push</value>
      <footprint>Fate_Parts:SW_Cherry_MX_1.00u_PCB</footprint>
      <libsource lib="Switch" part="SW_Push" description="Push button switch, generic, two pins"/>
      <sheetpath names="/" tstamps="/"/>
      <tstamp>5C64247D</tstamp>
    </comp>
    <comp ref="D25">
      <value>D</value>
      <footprint>Diodes_SMD:D_SOD-123</footprint>
      <datasheet>~</datasheet>
      <fields>
        <field name="Field4">C81598</field>
      </fields>
      <libsource lib="Device" part="D" description="Diode"/>
      <sheetpath names="/" tstamps="/"/>
      <tstamp>5C640600</tstamp>
    </comp>
    <comp ref="SW33">
      <value>SW_Push</value>
      <footprint>Fate_Parts:SW_Cherry_MX_1.00u_PCB</footprint>
      <libsource lib="Switch" part="SW_Push" description="Push button switch, generic, two pins"/>
      <sheetpath names="/" tstamps="/"/>
      <tstamp>5C644B63</tstamp>
    </comp>
    <comp ref="D33">
      <value>D</value>
      <footprint>Diodes_SMD:D_SOD-123</footprint>
      <datasheet>~</datasheet>
      <fields>
        <field name="Field4">C81598</field>
      </fields>
      <libsource lib="Device" part="D" description="Diode"/>
      <sheetpath names="/" tstamps="/"/>
      <tstamp>5C644B6B</tstamp>
    </comp>
    <comp ref="SW34">
      <value>SW_Push</value>
      <footprint>Fate_Parts:SW_Cherry_MX_1.00u_PCB</footprint>
      <libsource lib="Switch" part="SW_Push" description="Push button switch, generic, two pins"/>
      <sheetpath names="/" tstamps="/"/>
      <tstamp>5C644B72</tstamp>
    </comp>
    <comp ref="D38">
      <value>D</value>
      <footprint>Diodes_SMD:D_SOD-123</footprint>
      <datasheet>~</datasheet>
      <fields>
        <field name="Field4">C81598</field>
      </fields>
      <libsource lib="Device" part="D" description="Diode"/>
      <sheetpath names="/" tstamps="/"/>
      <tstamp>5C647DD8</tstamp>
    </comp>
    <comp ref="SW42">
      <value>SW_Push</value>
      <footprint>Fate_Parts:SW_Cherry_MX_1.00u_PCB</footprint>
      <libsource lib="Switch" part="SW_Push" description="Push button switch, generic, two pins"/>
      <sheetpath names="/" tstamps="/"/>
      <tstamp>5C64BD2C</tstamp>
    </comp>
    <comp ref="SW43">
      <value>SW_Push</value>
      <footprint>Fate_Parts:SW_Cherry_MX_1.00u_PCB</footprint>
      <libsource lib="Switch" part="SW_Push" description="Push button switch, generic, two pins"/>
      <sheetpath names="/" tstamps="/"/>
      <tstamp>5C64BD3B</tstamp>
    </comp>
    <comp ref="D34">
      <value>D</value>
      <footprint>Diodes_SMD:D_SOD-123</footprint>
      <datasheet>~</datasheet>
      <fields>
        <field name="Field4">C81598</field>
      </fields>
      <libsource lib="Device" part="D" description="Diode"/>
      <sheetpath names="/" tstamps="/"/>
      <tstamp>5C644B79</tstamp>
    </comp>
    <comp ref="SW39">
      <value>SW_Push</value>
      <footprint>Fate_Parts:SW_Cherry_MX_1.00u_PCB</footprint>
      <libsource lib="Switch" part="SW_Push" description="Push button switch, generic, two pins"/>
      <sheetpath names="/" tstamps="/"/>
      <tstamp>5C647DDF</tstamp>
    </comp>
    <comp ref="D39">
      <value>D</value>
      <footprint>Diodes_SMD:D_SOD-123</footprint>
      <datasheet>~</datasheet>
      <fields>
        <field name="Field4">C81598</field>
      </fields>
      <libsource lib="Device" part="D" description="Diode"/>
      <sheetpath names="/" tstamps="/"/>
      <tstamp>5C647DE6</tstamp>
    </comp>
    <comp ref="D29">
      <value>D</value>
      <footprint>Diodes_SMD:D_SOD-123</footprint>
      <datasheet>~</datasheet>
      <fields>
        <field name="Field4">C81598</field>
      </fields>
      <libsource lib="Device" part="D" description="Diode"/>
      <sheetpath names="/" tstamps="/"/>
      <tstamp>5C642476</tstamp>
    </comp>
    <comp ref="SW38">
      <value>SW_Push</value>
      <footprint>Fate_Parts:SW_Cherry_MX_1.00u_PCB</footprint>
      <libsource lib="Switch" part="SW_Push" description="Push button switch, generic, two pins"/>
      <sheetpath names="/" tstamps="/"/>
      <tstamp>5C647DD0</tstamp>
    </comp>
    <comp ref="SW40">
      <value>SW_Push</value>
      <footprint>Fate_Parts:SW_Cherry_MX_1.00u_PCB</footprint>
      <libsource lib="Switch" part="SW_Push" description="Push button switch, generic, two pins"/>
      <sheetpath names="/" tstamps="/"/>
      <tstamp>5C647DF1</tstamp>
    </comp>
    <comp ref="D43">
      <value>D</value>
      <footprint>Diodes_SMD:D_SOD-123</footprint>
      <datasheet>~</datasheet>
      <fields>
        <field name="Field4">C81598</field>
      </fields>
      <libsource lib="Device" part="D" description="Diode"/>
      <sheetpath names="/" tstamps="/"/>
      <tstamp>5C64BD42</tstamp>
    </comp>
    <comp ref="SW44">
      <value>SW_Push</value>
      <footprint>Fate_Parts:SW_Cherry_MX_1.00u_PCB</footprint>
      <libsource lib="Switch" part="SW_Push" description="Push button switch, generic, two pins"/>
      <sheetpath names="/" tstamps="/"/>
      <tstamp>5C64BD4D</tstamp>
    </comp>
    <comp ref="D42">
      <value>D</value>
      <footprint>Diodes_SMD:D_SOD-123</footprint>
      <datasheet>~</datasheet>
      <fields>
        <field name="Field4">C81598</field>
      </fields>
      <libsource lib="Device" part="D" description="Diode"/>
      <sheetpath names="/" tstamps="/"/>
      <tstamp>5C64BD34</tstamp>
    </comp>
    <comp ref="D47">
      <value>D</value>
      <footprint>Diodes_SMD:D_SOD-123</footprint>
      <datasheet>~</datasheet>
      <fields>
        <field name="Field4">C81598</field>
      </fields>
      <libsource lib="Device" part="D" description="Diode"/>
      <sheetpath names="/" tstamps="/"/>
      <tstamp>5C650AA6</tstamp>
    </comp>
    <comp ref="SW47">
      <value>SW_Push</value>
      <footprint>Fate_Parts:SW_Cherry_MX_1.00u_PCB</footprint>
      <libsource lib="Switch" part="SW_Push" description="Push button switch, generic, two pins"/>
      <sheetpath names="/" tstamps="/"/>
      <tstamp>5C650A9E</tstamp>
    </comp>
    <comp ref="SW48">
      <value>SW_Push</value>
      <footprint>Fate_Parts:SW_Cherry_MX_1.00u_PCB</footprint>
      <libsource lib="Switch" part="SW_Push" description="Push button switch, generic, two pins"/>
      <sheetpath names="/" tstamps="/"/>
      <tstamp>5C650AAD</tstamp>
    </comp>
    <comp ref="SW49">
      <value>SW_Push</value>
      <footprint>Fate_Parts:SW_Cherry_MX_1.00u_PCB</footprint>
      <libsource lib="Switch" part="SW_Push" description="Push button switch, generic, two pins"/>
      <sheetpath names="/" tstamps="/"/>
      <tstamp>5C650ABF</tstamp>
    </comp>
    <comp ref="D48">
      <value>D</value>
      <footprint>Diodes_SMD:D_SOD-123</footprint>
      <datasheet>~</datasheet>
      <fields>
        <field name="Field4">C81598</field>
      </fields>
      <libsource lib="Device" part="D" description="Diode"/>
      <sheetpath names="/" tstamps="/"/>
      <tstamp>5C650AB4</tstamp>
    </comp>
    <comp ref="D52">
      <value>D</value>
      <footprint>Diodes_SMD:D_SOD-123</footprint>
      <datasheet>~</datasheet>
      <fields>
        <field name="Field4">C81598</field>
      </fields>
      <libsource lib="Device" part="D" description="Diode"/>
      <sheetpath names="/" tstamps="/"/>
      <tstamp>5C6567DB</tstamp>
    </comp>
    <comp ref="SW52">
      <value>SW_Push</value>
      <footprint>Fate_Parts:SW_Cherry_MX_1.00u_PCB</footprint>
      <libsource lib="Switch" part="SW_Push" description="Push button switch, generic, two pins"/>
      <sheetpath names="/" tstamps="/"/>
      <tstamp>5C6567D4</tstamp>
    </comp>
    <comp ref="SW57">
      <value>SW_Push</value>
      <footprint>Fate_Parts:SW_Cherry_MX_2.25u_PCB_ReversedStabilizers</footprint>
      <libsource lib="Switch" part="SW_Push" description="Push button switch, generic, two pins"/>
      <sheetpath names="/" tstamps="/"/>
      <tstamp>5C65D625</tstamp>
    </comp>
    <comp ref="D56">
      <value>D</value>
      <footprint>Diodes_SMD:D_SOD-123</footprint>
      <datasheet>~</datasheet>
      <fields>
        <field name="Field4">C81598</field>
      </fields>
      <libsource lib="Device" part="D" description="Diode"/>
      <sheetpath names="/" tstamps="/"/>
      <tstamp>5C65D61A</tstamp>
    </comp>
    <comp ref="SW56">
      <value>SW_Push</value>
      <footprint>Fate_Parts:SW_Cherry_MX_1.00u_PCB</footprint>
      <libsource lib="Switch" part="SW_Push" description="Push button switch, generic, two pins"/>
      <sheetpath names="/" tstamps="/"/>
      <tstamp>5C65D613</tstamp>
    </comp>
    <comp ref="SW50">
      <value>SW_Push</value>
      <footprint>Fate_Parts:SW_Cherry_MX_1.00u_PCB</footprint>
      <libsource lib="Switch" part="SW_Push" description="Push button switch, generic, two pins"/>
      <sheetpath names="/" tstamps="/"/>
      <tstamp>5C650AC6</tstamp>
    </comp>
    <comp ref="D50">
      <value>D</value>
      <footprint>Diodes_SMD:D_SOD-123</footprint>
      <datasheet>~</datasheet>
      <fields>
        <field name="Field4">C81598</field>
      </fields>
      <libsource lib="Device" part="D" description="Diode"/>
      <sheetpath names="/" tstamps="/"/>
      <tstamp>5C650ADC</tstamp>
    </comp>
    <comp ref="D44">
      <value>D</value>
      <footprint>Diodes_SMD:D_SOD-123</footprint>
      <datasheet>~</datasheet>
      <fields>
        <field name="Field4">C81598</field>
      </fields>
      <libsource lib="Device" part="D" description="Diode"/>
      <sheetpath names="/" tstamps="/"/>
      <tstamp>5C64BD63</tstamp>
    </comp>
    <comp ref="D49">
      <value>D</value>
      <footprint>Diodes_SMD:D_SOD-123</footprint>
      <datasheet>~</datasheet>
      <fields>
        <field name="Field4">C81598</field>
      </fields>
      <libsource lib="Device" part="D" description="Diode"/>
      <sheetpath names="/" tstamps="/"/>
      <tstamp>5C650AD5</tstamp>
    </comp>
    <comp ref="SW53">
      <value>SW_Push</value>
      <footprint>Fate_Parts:SW_Cherry_MX_1.00u_PCB</footprint>
      <libsource lib="Switch" part="SW_Push" description="Push button switch, generic, two pins"/>
      <sheetpath names="/" tstamps="/"/>
      <tstamp>5C6567E6</tstamp>
    </comp>
    <comp ref="D53">
      <value>D</value>
      <footprint>Diodes_SMD:D_SOD-123</footprint>
      <datasheet>~</datasheet>
      <fields>
        <field name="Field4">C81598</field>
      </fields>
      <libsource lib="Device" part="D" description="Diode"/>
      <sheetpath names="/" tstamps="/"/>
      <tstamp>5C6567FC</tstamp>
    </comp>
    <comp ref="SW54">
      <value>SW_Push</value>
      <footprint>Fate_Parts:SW_Cherry_MX_1.75u_PCB</footprint>
      <libsource lib="Switch" part="SW_Push" description="Push button switch, generic, two pins"/>
      <sheetpath names="/" tstamps="/"/>
      <tstamp>5C6567ED</tstamp>
    </comp>
    <comp ref="D54">
      <value>D</value>
      <footprint>Diodes_SMD:D_SOD-123</footprint>
      <datasheet>~</datasheet>
      <fields>
        <field name="Field4">C81598</field>
      </fields>
      <libsource lib="Device" part="D" description="Diode"/>
      <sheetpath names="/" tstamps="/"/>
      <tstamp>5C656803</tstamp>
    </comp>
    <comp ref="SW51">
      <value>SW_Push</value>
      <footprint>Fate_Parts:SW_Cherry_MX_1.00u_PCB</footprint>
      <libsource lib="Switch" part="SW_Push" description="Push button switch, generic, two pins"/>
      <sheetpath names="/" tstamps="/"/>
      <tstamp>5C6567C5</tstamp>
    </comp>
    <comp ref="D51">
      <value>D</value>
      <footprint>Diodes_SMD:D_SOD-123</footprint>
      <datasheet>~</datasheet>
      <fields>
        <field name="Field4">C81598</field>
      </fields>
      <libsource lib="Device" part="D" description="Diode"/>
      <sheetpath names="/" tstamps="/"/>
      <tstamp>5C6567CD</tstamp>
    </comp>
    <comp ref="SW55">
      <value>SW_Push</value>
      <footprint>Fate_Parts:SW_Cherry_MX_1.00u_PCB</footprint>
      <libsource lib="Switch" part="SW_Push" description="Push button switch, generic, two pins"/>
      <sheetpath names="/" tstamps="/"/>
      <tstamp>5C65D604</tstamp>
    </comp>
    <comp ref="D55">
      <value>D</value>
      <footprint>Diodes_SMD:D_SOD-123</footprint>
      <datasheet>~</datasheet>
      <fields>
        <field name="Field4">C81598</field>
      </fields>
      <libsource lib="Device" part="D" description="Diode"/>
      <sheetpath names="/" tstamps="/"/>
      <tstamp>5C65D60C</tstamp>
    </comp>
    <comp ref="SW59">
      <value>SW_Push</value>
      <footprint>Fate_Parts:SW_Cherry_MX_1.00u_PCB</footprint>
      <libsource lib="Switch" part="SW_Push" description="Push button switch, generic, two pins"/>
      <sheetpath names="/" tstamps="/"/>
      <tstamp>5C6656E6</tstamp>
    </comp>
    <comp ref="D59">
      <value>D</value>
      <footprint>Diodes_SMD:D_SOD-123</footprint>
      <datasheet>~</datasheet>
      <fields>
        <field name="Field4">C81598</field>
      </fields>
      <libsource lib="Device" part="D" description="Diode"/>
      <sheetpath names="/" tstamps="/"/>
      <tstamp>5C6656EE</tstamp>
    </comp>
    <comp ref="SW63">
      <value>SW_Push</value>
      <footprint>Fate_Parts:SW_Cherry_MX_1.00u_PCB</footprint>
      <libsource lib="Switch" part="SW_Push" description="Push button switch, generic, two pins"/>
      <sheetpath names="/" tstamps="/"/>
      <tstamp>5C66EC6E</tstamp>
    </comp>
    <comp ref="D63">
      <value>D</value>
      <footprint>Diodes_SMD:D_SOD-123</footprint>
      <datasheet>~</datasheet>
      <fields>
        <field name="Field4">C81598</field>
      </fields>
      <libsource lib="Device" part="D" description="Diode"/>
      <sheetpath names="/" tstamps="/"/>
      <tstamp>5C66EC76</tstamp>
    </comp>
    <comp ref="SW64">
      <value>SW_Push</value>
      <footprint>Fate_Parts:SW_Cherry_MX_1.00u_PCB</footprint>
      <libsource lib="Switch" part="SW_Push" description="Push button switch, generic, two pins"/>
      <sheetpath names="/" tstamps="/"/>
      <tstamp>5C66EC7D</tstamp>
    </comp>
    <comp ref="SW60">
      <value>SW_Push</value>
      <footprint>Fate_Parts:SW_Cherry_MX_1.50u_PCB</footprint>
      <libsource lib="Switch" part="SW_Push" description="Push button switch, generic, two pins"/>
      <sheetpath names="/" tstamps="/"/>
      <tstamp>5C6656F5</tstamp>
    </comp>
    <comp ref="D60">
      <value>D</value>
      <footprint>Diodes_SMD:D_SOD-123</footprint>
      <datasheet>~</datasheet>
      <fields>
        <field name="Field4">C81598</field>
      </fields>
      <libsource lib="Device" part="D" description="Diode"/>
      <sheetpath names="/" tstamps="/"/>
      <tstamp>5C6656FC</tstamp>
    </comp>
    <comp ref="D64">
      <value>D</value>
      <footprint>Diodes_SMD:D_SOD-123</footprint>
      <datasheet>~</datasheet>
      <fields>
        <field name="Field4">C81598</field>
      </fields>
      <libsource lib="Device" part="D" description="Diode"/>
      <sheetpath names="/" tstamps="/"/>
      <tstamp>5C66EC84</tstamp>
    </comp>
    <comp ref="SW66">
      <value>SW_Push</value>
      <footprint>Fate_Parts:SW_Cherry_MX_1.00u_PCB</footprint>
      <libsource lib="Switch" part="SW_Push" description="Push button switch, generic, two pins"/>
      <sheetpath names="/" tstamps="/"/>
      <tstamp>5C66EC96</tstamp>
    </comp>
    <comp ref="D65">
      <value>D</value>
      <footprint>Diodes_SMD:D_SOD-123</footprint>
      <datasheet>~</datasheet>
      <fields>
        <field name="Field4">C81598</field>
      </fields>
      <libsource lib="Device" part="D" description="Diode"/>
      <sheetpath names="/" tstamps="/"/>
      <tstamp>5C66ECA5</tstamp>
    </comp>
    <comp ref="SW65">
      <value>SW_Push</value>
      <footprint>Fate_Parts:SW_Cherry_MX_1.00u_PCB</footprint>
      <libsource lib="Switch" part="SW_Push" description="Push button switch, generic, two pins"/>
      <sheetpath names="/" tstamps="/"/>
      <tstamp>5C66EC8F</tstamp>
    </comp>
    <comp ref="SW61">
      <value>SW_Push</value>
      <footprint>Fate_Parts:SW_Cherry_MX_1.00u_PCB</footprint>
      <libsource lib="Switch" part="SW_Push" description="Push button switch, generic, two pins"/>
      <sheetpath names="/" tstamps="/"/>
      <tstamp>5C66570E</tstamp>
    </comp>
    <comp ref="D57">
      <value>D</value>
      <footprint>Diodes_SMD:D_SOD-123</footprint>
      <datasheet>~</datasheet>
      <fields>
        <field name="Field4">C81598</field>
      </fields>
      <libsource lib="Device" part="D" description="Diode"/>
      <sheetpath names="/" tstamps="/"/>
      <tstamp>5C65D63B</tstamp>
    </comp>
    <comp ref="SW58">
      <value>SW_Push</value>
      <footprint>Fate_Parts:SW_Cherry_MX_1.00u_PCB</footprint>
      <libsource lib="Switch" part="SW_Push" description="Push button switch, generic, two pins"/>
      <sheetpath names="/" tstamps="/"/>
      <tstamp>5C65D634</tstamp>
    </comp>
    <comp ref="D58">
      <value>D</value>
      <footprint>Diodes_SMD:D_SOD-123</footprint>
      <datasheet>~</datasheet>
      <fields>
        <field name="Field4">C81598</field>
      </fields>
      <libsource lib="Device" part="D" description="Diode"/>
      <sheetpath names="/" tstamps="/"/>
      <tstamp>5C65D649</tstamp>
    </comp>
    <comp ref="SW62">
      <value>SW_Push</value>
      <footprint>Fate_Parts:SW_Cherry_MX_1.00u_PCB</footprint>
      <libsource lib="Switch" part="SW_Push" description="Push button switch, generic, two pins"/>
      <sheetpath names="/" tstamps="/"/>
      <tstamp>5C665716</tstamp>
    </comp>
    <comp ref="SW67">
      <value>SW_Push</value>
      <footprint>Fate_Parts:SW_Cherry_MX_1.00u_PCB</footprint>
      <libsource lib="Switch" part="SW_Push" description="Push button switch, generic, two pins"/>
      <sheetpath names="/" tstamps="/"/>
      <tstamp>5C66EC9E</tstamp>
    </comp>
    <comp ref="D67">
      <value>D</value>
      <footprint>Diodes_SMD:D_SOD-123</footprint>
      <datasheet>~</datasheet>
      <fields>
        <field name="Field4">C81598</field>
      </fields>
      <libsource lib="Device" part="D" description="Diode"/>
      <sheetpath names="/" tstamps="/"/>
      <tstamp>5C66ECB3</tstamp>
    </comp>
    <comp ref="D62">
      <value>D</value>
      <footprint>Diodes_SMD:D_SOD-123</footprint>
      <datasheet>~</datasheet>
      <fields>
        <field name="Field4">C81598</field>
      </fields>
      <libsource lib="Device" part="D" description="Diode"/>
      <sheetpath names="/" tstamps="/"/>
      <tstamp>5C66572B</tstamp>
    </comp>
    <comp ref="D61">
      <value>D</value>
      <footprint>Diodes_SMD:D_SOD-123</footprint>
      <datasheet>~</datasheet>
      <fields>
        <field name="Field4">C81598</field>
      </fields>
      <libsource lib="Device" part="D" description="Diode"/>
      <sheetpath names="/" tstamps="/"/>
      <tstamp>5C665724</tstamp>
    </comp>
    <comp ref="D66">
      <value>D</value>
      <footprint>Diodes_SMD:D_SOD-123</footprint>
      <datasheet>~</datasheet>
      <fields>
        <field name="Field4">C81598</field>
      </fields>
      <libsource lib="Device" part="D" description="Diode"/>
      <sheetpath names="/" tstamps="/"/>
      <tstamp>5C66ECAC</tstamp>
    </comp>
  </components>
  <libparts>
    <libpart lib="Connector" part="Conn_01x06_Female">
      <description>Generic connector, single row, 01x06, script generated (kicad-library-utils/schlib/autogen/connector/)</description>
      <docs>~</docs>
      <footprints>
        <fp>Connector*:*_1x??_*</fp>
      </footprints>
      <fields>
        <field name="Reference">J</field>
        <field name="Value">Conn_01x06_Female</field>
        <field name="Datasheet">~</field>
      </fields>
      <pins>
        <pin num="1" name="Pin_1" type="passive"/>
        <pin num="2" name="Pin_2" type="passive"/>
        <pin num="3" name="Pin_3" type="passive"/>
        <pin num="4" name="Pin_4" type="passive"/>
        <pin num="5" name="Pin_5" type="passive"/>
        <pin num="6" name="Pin_6" type="passive"/>
      </pins>
    </libpart>
    <libpart lib="Connector_Generic" part="Conn_01x01">
      <description>Generic connector, single row, 01x01, script generated (kicad-library-utils/schlib/autogen/connector/)</description>
      <docs>~</docs>
      <footprints>
        <fp>Connector*:*_1x??_*</fp>
      </footprints>
      <fields>
        <field name="Reference">J</field>
        <field name="Value">Conn_01x01</field>
        <field name="Datasheet">~</field>
      </fields>
      <pins>
        <pin num="1" name="Pin_1" type="passive"/>
      </pins>
    </libpart>
    <libpart lib="Device" part="C">
      <description>Unpolarized capacitor</description>
      <docs>~</docs>
      <footprints>
        <fp>C_*</fp>
      </footprints>
      <fields>
        <field name="Reference">C</field>
        <field name="Value">C</field>
        <field name="Datasheet">~</field>
      </fields>
      <pins>
        <pin num="1" name="~" type="passive"/>
        <pin num="2" name="~" type="passive"/>
      </pins>
    </libpart>
    <libpart lib="Device" part="Crystal_GND24">
      <description>Four pin crystal, GND on pins 2 and 4</description>
      <docs>~</docs>
      <footprints>
        <fp>Crystal*</fp>
      </footprints>
      <fields>
        <field name="Reference">Y</field>
        <field name="Value">Crystal_GND24</field>
        <field name="Datasheet">~</field>
      </fields>
      <pins>
        <pin num="1" name="1" type="passive"/>
        <pin num="2" name="2" type="passive"/>
        <pin num="3" name="3" type="passive"/>
        <pin num="4" name="4" type="passive"/>
      </pins>
    </libpart>
    <libpart lib="Device" part="D">
      <description>Diode</description>
      <docs>~</docs>
      <footprints>
        <fp>TO-???*</fp>
        <fp>*_Diode_*</fp>
        <fp>*SingleDiode*</fp>
        <fp>D_*</fp>
      </footprints>
      <fields>
        <field name="Reference">D</field>
        <field name="Value">D</field>
        <field name="Datasheet">~</field>
      </fields>
      <pins>
        <pin num="1" name="K" type="passive"/>
        <pin num="2" name="A" type="passive"/>
      </pins>
    </libpart>
    <libpart lib="Device" part="R">
      <description>Resistor</description>
      <docs>~</docs>
      <footprints>
        <fp>R_*</fp>
      </footprints>
      <fields>
        <field name="Reference">R</field>
        <field name="Value">R</field>
        <field name="Datasheet">~</field>
      </fields>
      <pins>
        <pin num="1" name="~" type="passive"/>
        <pin num="2" name="~" type="passive"/>
      </pins>
    </libpart>
    <libpart lib="Mechanical" part="MountingHole">
      <description>Mounting Hole without connection</description>
      <docs>~</docs>
      <footprints>
        <fp>MountingHole*</fp>
      </footprints>
      <fields>
        <field name="Reference">H</field>
        <field name="Value">MountingHole</field>
        <field name="Datasheet">~</field>
      </fields>
    </libpart>
    <libpart lib="Power_Protection" part="USBLC6-2SC6">
      <description>Bidirectional ESD Protection Diode, SOT-23-6</description>
      <docs>http://www2.st.com/resource/en/datasheet/CD00050750.pdf</docs>
      <footprints>
        <fp>SOT?23*</fp>
      </footprints>
      <fields>
        <field name="Reference">U</field>
        <field name="Value">USBLC6-2SC6</field>
        <field name="Footprint">Package_TO_SOT_SMD:SOT-23-6</field>
        <field name="Datasheet">http://www2.st.com/resource/en/datasheet/CD00050750.pdf</field>
      </fields>
      <pins>
        <pin num="1" name="IO1" type="passive"/>
        <pin num="2" name="GND" type="passive"/>
        <pin num="3" name="IO2" type="passive"/>
        <pin num="4" name="IO2" type="passive"/>
        <pin num="5" name="VBUS" type="passive"/>
        <pin num="6" name="IO1" type="passive"/>
      </pins>
    </libpart>
    <libpart lib="Switch" part="SW_Push">
      <description>Push button switch, generic, two pins</description>
      <docs>~</docs>
      <fields>
        <field name="Reference">SW</field>
        <field name="Value">SW_Push</field>
        <field name="Datasheet">~</field>
      </fields>
      <pins>
        <pin num="1" name="1" type="passive"/>
        <pin num="2" name="2" type="passive"/>
      </pins>
    </libpart>
    <libpart lib="arisu-rescue" part="ATmega32U4-AU-MCU_Microchip_ATmega">
      <footprints>
        <fp>TQFP*10x10mm*P0.8mm*</fp>
      </footprints>
      <fields>
        <field name="Reference">U</field>
        <field name="Value">ATmega32U4-AU-MCU_Microchip_ATmega</field>
        <field name="Footprint">Package_QFP:TQFP-44_10x10mm_P0.8mm</field>
      </fields>
      <pins>
        <pin num="1" name="PE6" type="3state"/>
        <pin num="2" name="UVCC" type="power_in"/>
        <pin num="3" name="D-" type="BiDi"/>
        <pin num="4" name="D+" type="BiDi"/>
        <pin num="5" name="UGND" type="passive"/>
        <pin num="6" name="UCAP" type="passive"/>
        <pin num="7" name="VBUS" type="input"/>
        <pin num="8" name="PB0" type="3state"/>
        <pin num="9" name="PB1" type="3state"/>
        <pin num="10" name="PB2" type="3state"/>
        <pin num="11" name="PB3" type="3state"/>
        <pin num="12" name="PB7" type="3state"/>
        <pin num="13" name="~RESET" type="input"/>
        <pin num="14" name="VCC" type="power_in"/>
        <pin num="15" name="GND" type="power_in"/>
        <pin num="16" name="XTAL2" type="output"/>
        <pin num="17" name="XTAL1" type="input"/>
        <pin num="18" name="PD0" type="3state"/>
        <pin num="19" name="PD1" type="3state"/>
        <pin num="20" name="PD2" type="3state"/>
        <pin num="21" name="PD3" type="3state"/>
        <pin num="22" name="PD5" type="3state"/>
        <pin num="23" name="GND" type="passive"/>
        <pin num="24" name="AVCC" type="power_in"/>
        <pin num="25" name="PD4" type="3state"/>
        <pin num="26" name="PD6" type="3state"/>
        <pin num="27" name="PD7" type="3state"/>
        <pin num="28" name="PB4" type="3state"/>
        <pin num="29" name="PB5" type="3state"/>
        <pin num="30" name="PB6" type="3state"/>
        <pin num="31" name="PC6" type="3state"/>
        <pin num="32" name="PC7" type="3state"/>
        <pin num="33" name="~HWB~/PE2" type="3state"/>
        <pin num="34" name="VCC" type="passive"/>
        <pin num="35" name="GND" type="passive"/>
        <pin num="36" name="PF7" type="3state"/>
        <pin num="37" name="PF6" type="3state"/>
        <pin num="38" name="PF5" type="3state"/>
        <pin num="39" name="PF4" type="3state"/>
        <pin num="40" name="PF1" type="3state"/>
        <pin num="41" name="PF0" type="3state"/>
        <pin num="42" name="AREF" type="passive"/>
        <pin num="43" name="GND" type="passive"/>
        <pin num="44" name="AVCC" type="passive"/>
      </pins>
    </libpart>
  </libparts>
  <libraries>
    <library logical="Connector">
      <uri>/usr/share/kicad/library/Connector.lib</uri>
    </library>
    <library logical="Connector_Generic">
      <uri>/usr/share/kicad/library/Connector_Generic.lib</uri>
    </library>
    <library logical="Device">
      <uri>/usr/share/kicad/library/Device.lib</uri>
    </library>
    <library logical="Mechanical">
      <uri>/usr/share/kicad/library/Mechanical.lib</uri>
    </library>
    <library logical="Power_Protection">
      <uri>/usr/share/kicad/library/Power_Protection.lib</uri>
    </library>
    <library logical="Switch">
      <uri>/usr/share/kicad/library/Switch.lib</uri>
    </library>
    <library logical="arisu-rescue">
      <uri>/home/bob/arisu_iso/arisu-rescue.lib</uri>
    </library>
  </libraries>
  <nets>
    <net code="1" name="Net-(D66-Pad2)">
      <node ref="D66" pin="2" pinfunction="A"/>
      <node ref="SW66" pin="2" pinfunction="2"/>
    </net>
    <net code="2" name="row3">
      <node ref="D66" pin="1" pinfunction="K"/>
      <node ref="D61" pin="1" pinfunction="K"/>
      <node ref="D54" pin="1" pinfunction="K"/>
      <node ref="D50" pin="1" pinfunction="K"/>
      <node ref="D45" pin="1" pinfunction="K"/>
      <node ref="D41" pin="1" pinfunction="K"/>
      <node ref="D36" pin="1" pinfunction="K"/>
      <node ref="D32" pin="1" pinfunction="K"/>
      <node ref="D27" pin="1" pinfunction="K"/>
      <node ref="D22" pin="1" pinfunction="K"/>
      <node ref="D18" pin="1" pinfunction="K"/>
      <node ref="D13" pin="1" pinfunction="K"/>
      <node ref="D9" pin="1" pinfunction="K"/>
      <node ref="D4" pin="1" pinfunction="K"/>
      <node ref="U2" pin="20" pinfunction="PD2"/>
    </net>
    <net code="3" name="Net-(D61-Pad2)">
      <node ref="D61" pin="2" pinfunction="A"/>
      <node ref="SW61" pin="2" pinfunction="2"/>
    </net>
    <net code="4" name="row4">
      <node ref="D62" pin="1" pinfunction="K"/>
      <node ref="D67" pin="1" pinfunction="K"/>
      <node ref="D58" pin="1" pinfunction="K"/>
      <node ref="D46" pin="1" pinfunction="K"/>
      <node ref="D37" pin="1" pinfunction="K"/>
      <node ref="D28" pin="1" pinfunction="K"/>
      <node ref="D23" pin="1" pinfunction="K"/>
      <node ref="D14" pin="1" pinfunction="K"/>
      <node ref="D68" pin="1" pinfunction="K"/>
      <node ref="D5" pin="1" pinfunction="K"/>
      <node ref="U2" pin="19" pinfunction="PD1"/>
    </net>
    <net code="5" name="Net-(D67-Pad2)">
      <node ref="D67" pin="2" pinfunction="A"/>
      <node ref="SW67" pin="2" pinfunction="2"/>
    </net>
    <net code="6" name="col14">
      <node ref="SW67" pin="1" pinfunction="1"/>
      <node ref="SW66" pin="1" pinfunction="1"/>
      <node ref="SW65" pin="1" pinfunction="1"/>
      <node ref="SW64" pin="1" pinfunction="1"/>
      <node ref="SW63" pin="1" pinfunction="1"/>
      <node ref="U2" pin="8" pinfunction="PB0"/>
    </net>
    <net code="7" name="Net-(D62-Pad2)">
      <node ref="SW62" pin="2" pinfunction="2"/>
      <node ref="D62" pin="2" pinfunction="A"/>
    </net>
    <net code="8" name="col13">
      <node ref="SW62" pin="1" pinfunction="1"/>
      <node ref="SW61" pin="1" pinfunction="1"/>
      <node ref="SW60" pin="1" pinfunction="1"/>
      <node ref="SW59" pin="1" pinfunction="1"/>
      <node ref="U2" pin="26" pinfunction="PD6"/>
    </net>
    <net code="9" name="Net-(D58-Pad2)">
      <node ref="D58" pin="2" pinfunction="A"/>
      <node ref="SW58" pin="2" pinfunction="2"/>
    </net>
    <net code="10" name="col12">
      <node ref="SW58" pin="1" pinfunction="1"/>
      <node ref="SW57" pin="1" pinfunction="1"/>
      <node ref="SW56" pin="1" pinfunction="1"/>
      <node ref="SW55" pin="1" pinfunction="1"/>
      <node ref="U2" pin="27" pinfunction="PD7"/>
    </net>
    <net code="11" name="Net-(D57-Pad2)">
      <node ref="D57" pin="2" pinfunction="A"/>
      <node ref="SW57" pin="2" pinfunction="2"/>
    </net>
    <net code="12" name="row2">
      <node ref="D57" pin="1" pinfunction="K"/>
      <node ref="D65" pin="1" pinfunction="K"/>
      <node ref="D53" pin="1" pinfunction="K"/>
      <node ref="D49" pin="1" pinfunction="K"/>
      <node ref="D44" pin="1" pinfunction="K"/>
      <node ref="D40" pin="1" pinfunction="K"/>
      <node ref="D35" pin="1" pinfunction="K"/>
      <node ref="D31" pin="1" pinfunction="K"/>
      <node ref="D26" pin="1" pinfunction="K"/>
      <node ref="D21" pin="1" pinfunction="K"/>
      <node ref="D17" pin="1" pinfunction="K"/>
      <node ref="D12" pin="1" pinfunction="K"/>
      <node ref="D8" pin="1" pinfunction="K"/>
      <node ref="D3" pin="1" pinfunction="K"/>
      <node ref="U2" pin="21" pinfunction="PD3"/>
    </net>
    <net code="13" name="Net-(D65-Pad2)">
      <node ref="D65" pin="2" pinfunction="A"/>
      <node ref="SW65" pin="2" pinfunction="2"/>
    </net>
    <net code="14" name="row1">
      <node ref="D64" pin="1" pinfunction="K"/>
      <node ref="D60" pin="1" pinfunction="K"/>
      <node ref="D56" pin="1" pinfunction="K"/>
      <node ref="D52" pin="1" pinfunction="K"/>
      <node ref="D48" pin="1" pinfunction="K"/>
      <node ref="D43" pin="1" pinfunction="K"/>
      <node ref="D39" pin="1" pinfunction="K"/>
      <node ref="D34" pin="1" pinfunction="K"/>
      <node ref="D30" pin="1" pinfunction="K"/>
      <node ref="D25" pin="1" pinfunction="K"/>
      <node ref="D20" pin="1" pinfunction="K"/>
      <node ref="D16" pin="1" pinfunction="K"/>
      <node ref="D11" pin="1" pinfunction="K"/>
      <node ref="D7" pin="1" pinfunction="K"/>
      <node ref="D2" pin="1" pinfunction="K"/>
      <node ref="U2" pin="22" pinfunction="PD5"/>
    </net>
    <net code="15" name="Net-(D64-Pad2)">
      <node ref="D64" pin="2" pinfunction="A"/>
      <node ref="SW64" pin="2" pinfunction="2"/>
    </net>
    <net code="16" name="row0">
      <node ref="D59" pin="1" pinfunction="K"/>
      <node ref="D63" pin="1" pinfunction="K"/>
      <node ref="D55" pin="1" pinfunction="K"/>
      <node ref="D51" pin="1" pinfunction="K"/>
      <node ref="D47" pin="1" pinfunction="K"/>
      <node ref="D42" pin="1" pinfunction="K"/>
      <node ref="D38" pin="1" pinfunction="K"/>
      <node ref="D33" pin="1" pinfunction="K"/>
      <node ref="D29" pin="1" pinfunction="K"/>
      <node ref="D24" pin="1" pinfunction="K"/>
      <node ref="D19" pin="1" pinfunction="K"/>
      <node ref="D15" pin="1" pinfunction="K"/>
      <node ref="D10" pin="1" pinfunction="K"/>
      <node ref="D6" pin="1" pinfunction="K"/>
      <node ref="D1" pin="1" pinfunction="K"/>
      <node ref="U2" pin="18" pinfunction="PD0"/>
    </net>
    <net code="17" name="Net-(D63-Pad2)">
      <node ref="D63" pin="2" pinfunction="A"/>
      <node ref="SW63" pin="2" pinfunction="2"/>
    </net>
    <net code="18" name="Net-(D59-Pad2)">
      <node ref="D59" pin="2" pinfunction="A"/>
      <node ref="SW59" pin="2" pinfunction="2"/>
    </net>
    <net code="19" name="Net-(D55-Pad2)">
      <node ref="D55" pin="2" pinfunction="A"/>
      <node ref="SW55" pin="2" pinfunction="2"/>
    </net>
    <net code="20" name="col11">
      <node ref="SW51" pin="1" pinfunction="1"/>
      <node ref="SW52" pin="1" pinfunction="1"/>
      <node ref="SW53" pin="1" pinfunction="1"/>
      <node ref="SW54" pin="1" pinfunction="1"/>
      <node ref="U2" pin="28" pinfunction="PB4"/>
    </net>
    <net code="21" name="Net-(D51-Pad2)">
      <node ref="SW51" pin="2" pinfunction="2"/>
      <node ref="D51" pin="2" pinfunction="A"/>
    </net>
    <net code="22" name="Net-(D53-Pad2)">
      <node ref="SW53" pin="2" pinfunction="2"/>
      <node ref="D53" pin="2" pinfunction="A"/>
    </net>
    <net code="23" name="col10">
      <node ref="SW50" pin="1" pinfunction="1"/>
      <node ref="SW49" pin="1" pinfunction="1"/>
      <node ref="SW48" pin="1" pinfunction="1"/>
      <node ref="SW47" pin="1" pinfunction="1"/>
      <node ref="U2" pin="29" pinfunction="PB5"/>
    </net>
    <net code="24" name="Net-(D44-Pad2)">
      <node ref="D44" pin="2" pinfunction="A"/>
      <node ref="SW44" pin="2" pinfunction="2"/>
    </net>
    <net code="25" name="Net-(D50-Pad2)">
      <node ref="D50" pin="2" pinfunction="A"/>
      <node ref="SW50" pin="2" pinfunction="2"/>
    </net>
    <net code="26" name="Net-(D56-Pad2)">
      <node ref="D56" pin="2" pinfunction="A"/>
      <node ref="SW56" pin="2" pinfunction="2"/>
    </net>
    <net code="27" name="Net-(D52-Pad2)">
      <node ref="SW52" pin="2" pinfunction="2"/>
      <node ref="D52" pin="2" pinfunction="A"/>
    </net>
    <net code="28" name="Net-(D48-Pad2)">
      <node ref="D48" pin="2" pinfunction="A"/>
      <node ref="SW48" pin="2" pinfunction="2"/>
    </net>
    <net code="29" name="Net-(D47-Pad2)">
      <node ref="SW47" pin="2" pinfunction="2"/>
      <node ref="D47" pin="2" pinfunction="A"/>
    </net>
    <net code="30" name="Net-(D49-Pad2)">
      <node ref="SW49" pin="2" pinfunction="2"/>
      <node ref="D49" pin="2" pinfunction="A"/>
    </net>
    <net code="31" name="Net-(D60-Pad2)">
      <node ref="D60" pin="2" pinfunction="A"/>
      <node ref="SW60" pin="2" pinfunction="2"/>
    </net>
    <net code="32" name="Net-(D42-Pad2)">
      <node ref="D42" pin="2" pinfunction="A"/>
      <node ref="SW42" pin="2" pinfunction="2"/>
    </net>
    <net code="33" name="col9">
      <node ref="SW44" pin="1" pinfunction="1"/>
      <node ref="SW43" pin="1" pinfunction="1"/>
      <node ref="SW45" pin="1" pinfunction="1"/>
      <node ref="SW42" pin="1" pinfunction="1"/>
      <node ref="SW46" pin="1" pinfunction="1"/>
      <node ref="U2" pin="9" pinfunction="PB1"/>
      <node ref="J4" pin="1" pinfunction="Pin_1"/>
    </net>
    <net code="34" name="Net-(D40-Pad2)">
      <node ref="SW40" pin="2" pinfunction="2"/>
      <node ref="D40" pin="2" pinfunction="A"/>
    </net>
    <net code="35" name="col8">
      <node ref="SW40" pin="1" pinfunction="1"/>
      <node ref="SW39" pin="1" pinfunction="1"/>
      <node ref="SW41" pin="1" pinfunction="1"/>
      <node ref="SW38" pin="1" pinfunction="1"/>
      <node ref="U2" pin="11" pinfunction="PB3"/>
      <node ref="J2" pin="1" pinfunction="Pin_1"/>
    </net>
    <net code="36" name="col7">
      <node ref="SW33" pin="1" pinfunction="1"/>
      <node ref="SW34" pin="1" pinfunction="1"/>
      <node ref="SW35" pin="1" pinfunction="1"/>
      <node ref="SW36" pin="1" pinfunction="1"/>
      <node ref="SW37" pin="1" pinfunction="1"/>
      <node ref="U2" pin="12" pinfunction="PB7"/>
    </net>
    <net code="37" name="Net-(D29-Pad2)">
      <node ref="D29" pin="2" pinfunction="A"/>
      <node ref="SW29" pin="2" pinfunction="2"/>
    </net>
    <net code="38" name="Net-(D39-Pad2)">
      <node ref="D39" pin="2" pinfunction="A"/>
      <node ref="SW39" pin="2" pinfunction="2"/>
    </net>
    <net code="39" name="Net-(D34-Pad2)">
      <node ref="D34" pin="2" pinfunction="A"/>
      <node ref="SW34" pin="2" pinfunction="2"/>
    </net>
    <net code="40" name="col6">
      <node ref="SW29" pin="1" pinfunction="1"/>
      <node ref="SW30" pin="1" pinfunction="1"/>
      <node ref="SW31" pin="1" pinfunction="1"/>
      <node ref="SW32" pin="1" pinfunction="1"/>
      <node ref="U2" pin="25" pinfunction="PD4"/>
    </net>
    <net code="41" name="Net-(D33-Pad2)">
      <node ref="SW33" pin="2" pinfunction="2"/>
      <node ref="D33" pin="2" pinfunction="A"/>
    </net>
    <net code="42" name="Net-(D25-Pad2)">
      <node ref="D25" pin="2" pinfunction="A"/>
      <node ref="SW25" pin="2" pinfunction="2"/>
    </net>
    <net code="43" name="Net-(D30-Pad2)">
      <node ref="D30" pin="2" pinfunction="A"/>
      <node ref="SW30" pin="2" pinfunction="2"/>
    </net>
    <net code="44" name="col5">
      <node ref="SW25" pin="1" pinfunction="1"/>
      <node ref="SW24" pin="1" pinfunction="1"/>
      <node ref="SW26" pin="1" pinfunction="1"/>
      <node ref="SW27" pin="1" pinfunction="1"/>
      <node ref="SW28" pin="1" pinfunction="1"/>
      <node ref="U2" pin="40" pinfunction="PF1"/>
    </net>
    <net code="45" name="Net-(D24-Pad2)">
      <node ref="D24" pin="2" pinfunction="A"/>
      <node ref="SW24" pin="2" pinfunction="2"/>
    </net>
    <net code="46" name="col4">
      <node ref="SW21" pin="1" pinfunction="1"/>
      <node ref="SW20" pin="1" pinfunction="1"/>
      <node ref="SW22" pin="1" pinfunction="1"/>
      <node ref="SW19" pin="1" pinfunction="1"/>
      <node ref="SW23" pin="1" pinfunction="1"/>
      <node ref="U2" pin="41" pinfunction="PF0"/>
    </net>
    <net code="47" name="Net-(D20-Pad2)">
      <node ref="SW20" pin="2" pinfunction="2"/>
      <node ref="D20" pin="2" pinfunction="A"/>
    </net>
    <net code="48" name="Net-(D45-Pad2)">
      <node ref="SW45" pin="2" pinfunction="2"/>
      <node ref="D45" pin="2" pinfunction="A"/>
    </net>
    <net code="49" name="Net-(D46-Pad2)">
      <node ref="D46" pin="2" pinfunction="A"/>
      <node ref="SW46" pin="2" pinfunction="2"/>
    </net>
    <net code="50" name="Net-(D38-Pad2)">
      <node ref="SW38" pin="2" pinfunction="2"/>
      <node ref="D38" pin="2" pinfunction="A"/>
    </net>
    <net code="51" name="Net-(D41-Pad2)">
      <node ref="D41" pin="2" pinfunction="A"/>
      <node ref="SW41" pin="2" pinfunction="2"/>
    </net>
    <net code="52" name="Net-(D54-Pad2)">
      <node ref="D54" pin="2" pinfunction="A"/>
      <node ref="SW54" pin="2" pinfunction="2"/>
    </net>
    <net code="53" name="Net-(D28-Pad2)">
      <node ref="D28" pin="2" pinfunction="A"/>
      <node ref="SW28" pin="2" pinfunction="2"/>
    </net>
    <net code="54" name="Net-(D23-Pad2)">
      <node ref="D23" pin="2" pinfunction="A"/>
      <node ref="SW23" pin="2" pinfunction="2"/>
    </net>
    <net code="55" name="Net-(D35-Pad2)">
      <node ref="D35" pin="2" pinfunction="A"/>
      <node ref="SW35" pin="2" pinfunction="2"/>
    </net>
    <net code="56" name="Net-(D31-Pad2)">
      <node ref="D31" pin="2" pinfunction="A"/>
      <node ref="SW31" pin="2" pinfunction="2"/>
    </net>
    <net code="57" name="Net-(D32-Pad2)">
      <node ref="D32" pin="2" pinfunction="A"/>
      <node ref="SW32" pin="2" pinfunction="2"/>
    </net>
    <net code="58" name="Net-(D36-Pad2)">
      <node ref="D36" pin="2" pinfunction="A"/>
      <node ref="SW36" pin="2" pinfunction="2"/>
    </net>
    <net code="59" name="Net-(D26-Pad2)">
      <node ref="SW26" pin="2" pinfunction="2"/>
      <node ref="D26" pin="2" pinfunction="A"/>
    </net>
    <net code="60" name="Net-(D22-Pad2)">
      <node ref="D22" pin="2" pinfunction="A"/>
      <node ref="SW22" pin="2" pinfunction="2"/>
    </net>
    <net code="61" name="Net-(D27-Pad2)">
      <node ref="SW27" pin="2" pinfunction="2"/>
      <node ref="D27" pin="2" pinfunction="A"/>
    </net>
    <net code="62" name="Net-(D18-Pad2)">
      <node ref="D18" pin="2" pinfunction="A"/>
      <node ref="SW18" pin="2" pinfunction="2"/>
    </net>
    <net code="63" name="Net-(D13-Pad2)">
      <node ref="D13" pin="2" pinfunction="A"/>
      <node ref="SW13" pin="2" pinfunction="2"/>
    </net>
    <net code="64" name="col3">
      <node ref="SW17" pin="1" pinfunction="1"/>
      <node ref="SW16" pin="1" pinfunction="1"/>
      <node ref="SW18" pin="1" pinfunction="1"/>
      <node ref="SW15" pin="1" pinfunction="1"/>
      <node ref="U2" pin="1" pinfunction="PE6"/>
    </net>
    <net code="65" name="Net-(D12-Pad2)">
      <node ref="D12" pin="2" pinfunction="A"/>
      <node ref="SW12" pin="2" pinfunction="2"/>
    </net>
    <net code="66" name="col2">
      <node ref="SW12" pin="1" pinfunction="1"/>
      <node ref="SW13" pin="1" pinfunction="1"/>
      <node ref="SW11" pin="1" pinfunction="1"/>
      <node ref="SW14" pin="1" pinfunction="1"/>
      <node ref="SW10" pin="1" pinfunction="1"/>
      <node ref="U2" pin="32" pinfunction="PC7"/>
    </net>
    <net code="67" name="Net-(D21-Pad2)">
      <node ref="SW21" pin="2" pinfunction="2"/>
      <node ref="D21" pin="2" pinfunction="A"/>
    </net>
    <net code="68" name="Net-(D15-Pad2)">
      <node ref="D15" pin="2" pinfunction="A"/>
      <node ref="SW15" pin="2" pinfunction="2"/>
    </net>
    <net code="69" name="Net-(D16-Pad2)">
      <node ref="D16" pin="2" pinfunction="A"/>
      <node ref="SW16" pin="2" pinfunction="2"/>
    </net>
    <net code="70" name="Net-(D19-Pad2)">
      <node ref="D19" pin="2" pinfunction="A"/>
      <node ref="SW19" pin="2" pinfunction="2"/>
    </net>
    <net code="71" name="Net-(D4-Pad2)">
      <node ref="SW4" pin="2" pinfunction="2"/>
      <node ref="D4" pin="2" pinfunction="A"/>
      <node ref="SW69" pin="2" pinfunction="2"/>
    </net>
    <net code="72" name="col0">
      <node ref="SW69" pin="1" pinfunction="1"/>
      <node ref="SW3" pin="1" pinfunction="1"/>
      <node ref="SW4" pin="1" pinfunction="1"/>
      <node ref="SW2" pin="1" pinfunction="1"/>
      <node ref="SW5" pin="1" pinfunction="1"/>
      <node ref="SW1" pin="1" pinfunction="1"/>
      <node ref="U2" pin="31" pinfunction="PC6"/>
    </net>
    <net code="73" name="Net-(D3-Pad2)">
      <node ref="D3" pin="2" pinfunction="A"/>
      <node ref="SW3" pin="2" pinfunction="2"/>
    </net>
    <net code="74" name="Net-(D8-Pad2)">
      <node ref="D8" pin="2" pinfunction="A"/>
      <node ref="SW8" pin="2" pinfunction="2"/>
    </net>
    <net code="75" name="Net-(D17-Pad2)">
      <node ref="D17" pin="2" pinfunction="A"/>
      <node ref="SW17" pin="2" pinfunction="2"/>
    </net>
    <net code="76" name="col1">
      <node ref="SW9" pin="1" pinfunction="1"/>
      <node ref="SW8" pin="1" pinfunction="1"/>
      <node ref="SW68" pin="1" pinfunction="1"/>
      <node ref="SW7" pin="1" pinfunction="1"/>
      <node ref="SW6" pin="1" pinfunction="1"/>
      <node ref="U2" pin="30" pinfunction="PB6"/>
    </net>
    <net code="77" name="Net-(D37-Pad2)">
      <node ref="D37" pin="2" pinfunction="A"/>
      <node ref="SW37" pin="2" pinfunction="2"/>
    </net>
    <net code="78" name="Net-(D11-Pad2)">
      <node ref="D11" pin="2" pinfunction="A"/>
      <node ref="SW11" pin="2" pinfunction="2"/>
    </net>
    <net code="79" name="Net-(D10-Pad2)">
      <node ref="SW10" pin="2" pinfunction="2"/>
      <node ref="D10" pin="2" pinfunction="A"/>
    </net>
    <net code="80" name="Net-(D6-Pad2)">
      <node ref="D6" pin="2" pinfunction="A"/>
      <node ref="SW6" pin="2" pinfunction="2"/>
    </net>
    <net code="81" name="Net-(D7-Pad2)">
      <node ref="D7" pin="2" pinfunction="A"/>
      <node ref="SW7" pin="2" pinfunction="2"/>
    </net>
    <net code="82" name="Net-(D2-Pad2)">
      <node ref="D2" pin="2" pinfunction="A"/>
      <node ref="SW2" pin="2" pinfunction="2"/>
    </net>
    <net code="83" name="Net-(D14-Pad2)">
      <node ref="D14" pin="2" pinfunction="A"/>
      <node ref="SW14" pin="2" pinfunction="2"/>
    </net>
    <net code="84" name="Net-(D5-Pad2)">
      <node ref="SW5" pin="2" pinfunction="2"/>
      <node ref="D5" pin="2" pinfunction="A"/>
    </net>
    <net code="85" name="Net-(D68-Pad2)">
      <node ref="D68" pin="2" pinfunction="A"/>
      <node ref="SW68" pin="2" pinfunction="2"/>
    </net>
    <net code="86" name="Net-(D9-Pad2)">
      <node ref="SW9" pin="2" pinfunction="2"/>
      <node ref="D9" pin="2" pinfunction="A"/>
    </net>
    <net code="87" name="Net-(R4-Pad1)">
      <node ref="R4" pin="1"/>
      <node ref="U2" pin="33" pinfunction="~HWB~/PE2"/>
    </net>
    <net code="88" name="GND">
      <node ref="R4" pin="2"/>
      <node ref="C9" pin="2"/>
      <node ref="C8" pin="2"/>
      <node ref="C5" pin="2"/>
      <node ref="U2" pin="5" pinfunction="UGND"/>
      <node ref="U2" pin="43" pinfunction="GND"/>
      <node ref="U2" pin="35" pinfunction="GND"/>
      <node ref="U2" pin="23" pinfunction="GND"/>
      <node ref="U2" pin="15" pinfunction="GND"/>
      <node ref="C7" pin="2"/>
      <node ref="C6" pin="2"/>
      <node ref="J1" pin="6" pinfunction="Pin_6"/>
      <node ref="J1" pin="1" pinfunction="Pin_1"/>
      <node ref="U1" pin="2" pinfunction="GND"/>
      <node ref="J7" pin="1" pinfunction="Pin_1"/>
      <node ref="SWR1" pin="1" pinfunction="1"/>
      <node ref="C4" pin="2"/>
      <node ref="Y1" pin="4" pinfunction="4"/>
      <node ref="C2" pin="2"/>
      <node ref="C1" pin="1"/>
      <node ref="Y1" pin="2" pinfunction="2"/>
      <node ref="J15" pin="1" pinfunction="Pin_1"/>
      <node ref="C3" pin="2"/>
    </net>
    <net code="89" name="Net-(D1-Pad2)">
      <node ref="D1" pin="2" pinfunction="A"/>
      <node ref="SW1" pin="2" pinfunction="2"/>
    </net>
    <net code="90" name="Net-(D43-Pad2)">
      <node ref="D43" pin="2" pinfunction="A"/>
      <node ref="SW43" pin="2" pinfunction="2"/>
    </net>
    <net code="91" name="/MOSI">
      <node ref="U2" pin="10" pinfunction="PB2"/>
      <node ref="J5" pin="1" pinfunction="Pin_1"/>
    </net>
    <net code="92" name="VCC">
      <node ref="C7" pin="1"/>
      <node ref="C9" pin="1"/>
      <node ref="U2" pin="44" pinfunction="AVCC"/>
      <node ref="U2" pin="24" pinfunction="AVCC"/>
      <node ref="C6" pin="1"/>
      <node ref="C8" pin="1"/>
      <node ref="U2" pin="34" pinfunction="VCC"/>
      <node ref="U2" pin="14" pinfunction="VCC"/>
      <node ref="U2" pin="2" pinfunction="UVCC"/>
      <node ref="C5" pin="1"/>
      <node ref="J3" pin="1" pinfunction="Pin_1"/>
      <node ref="J1" pin="5" pinfunction="Pin_5"/>
      <node ref="U1" pin="5" pinfunction="VBUS"/>
      <node ref="J12" pin="1" pinfunction="Pin_1"/>
      <node ref="U2" pin="7" pinfunction="VBUS"/>
      <node ref="C3" pin="1"/>
      <node ref="R3" pin="1"/>
    </net>
    <net code="93" name="Net-(J10-Pad1)">
      <node ref="U2" pin="37" pinfunction="PF6"/>
      <node ref="J10" pin="1" pinfunction="Pin_1"/>
    </net>
    <net code="94" name="Net-(J11-Pad1)">
      <node ref="J11" pin="1" pinfunction="Pin_1"/>
      <node ref="U2" pin="36" pinfunction="PF7"/>
    </net>
    <net code="95" name="Net-(J9-Pad1)">
      <node ref="J9" pin="1" pinfunction="Pin_1"/>
      <node ref="U2" pin="38" pinfunction="PF5"/>
    </net>
    <net code="96" name="Net-(J8-Pad1)">
      <node ref="J8" pin="1" pinfunction="Pin_1"/>
      <node ref="U2" pin="39" pinfunction="PF4"/>
    </net>
    <net code="97" name="Net-(C4-Pad1)">
      <node ref="U2" pin="6" pinfunction="UCAP"/>
      <node ref="C4" pin="1"/>
    </net>
    <net code="98" name="Net-(U2-Pad42)">
      <node ref="U2" pin="42" pinfunction="AREF"/>
    </net>
    <net code="99" name="D+">
      <node ref="U2" pin="4" pinfunction="D+"/>
      <node ref="R1" pin="1"/>
    </net>
    <net code="100" name="D-">
      <node ref="U2" pin="3" pinfunction="D-"/>
      <node ref="R2" pin="1"/>
    </net>
    <net code="101" name="XTAL1">
      <node ref="U2" pin="17" pinfunction="XTAL1"/>
      <node ref="C1" pin="2"/>
      <node ref="Y1" pin="1" pinfunction="1"/>
    </net>
    <net code="102" name="XTAL2">
      <node ref="U2" pin="16" pinfunction="XTAL2"/>
      <node ref="C2" pin="1"/>
      <node ref="Y1" pin="3" pinfunction="3"/>
    </net>
    <net code="103" name="Net-(J6-Pad1)">
      <node ref="U2" pin="13" pinfunction="~RESET"/>
      <node ref="R3" pin="2"/>
      <node ref="SWR1" pin="2" pinfunction="2"/>
      <node ref="J6" pin="1" pinfunction="Pin_1"/>
    </net>
    <net code="104" name="Net-(J1-Pad3)">
      <node ref="U1" pin="6" pinfunction="IO1"/>
      <node ref="R1" pin="2"/>
      <node ref="J13" pin="1" pinfunction="Pin_1"/>
      <node ref="J1" pin="3" pinfunction="Pin_3"/>
    </net>
    <net code="105" name="Net-(J1-Pad4)">
      <node ref="J1" pin="4" pinfunction="Pin_4"/>
      <node ref="R2" pin="2"/>
      <node ref="U1" pin="4" pinfunction="IO2"/>
      <node ref="J14" pin="1" pinfunction="Pin_1"/>
    </net>
    <net code="106" name="Net-(U1-Pad1)">
      <node ref="U1" pin="1" pinfunction="IO1"/>
    </net>
    <net code="107" name="Net-(U1-Pad3)">
      <node ref="U1" pin="3" pinfunction="IO2"/>
    </net>
    <net code="108" name="Net-(J1-Pad2)">
      <node ref="J1" pin="2" pinfunction="Pin_2"/>
    </net>
  </nets>
</export>
